ID,SERVICEORDER_ID,PACKAGE_ID
9c6db59a-5a39-48f6-946d-9f8afb302d7a,3dd839a3-c237-434a-8177-869fa47afa75,4e7da483-ec21-42f8-8891-5b90e5bcf41c
bf402af6-fb60-4b83-af12-2c46df09e674,6ce2913b-5332-4f49-b650-a374f024e03d,4e7da483-ec21-42f8-8891-5b90e5bcf41c
aeabfac3-ba4a-4008-83cf-ec7f5c639f1a,2d52eaa2-7630-4d8b-b7bf-7da007d7133c,4e7da483-ec21-42f8-8891-5b90e5bcf41c
c669e6c1-73ba-4a01-9408-de6f31177fec,dd4084fe-eb10-4ed1-b27d-ca8dcdd6dfe5,4e7da483-ec21-42f8-8891-5b90e5bcf41c
b769024a-77b7-4ddf-a60c-5a220206dc37,37bfe289-b192-4912-b7ec-f0ac104e6e58,4e7da483-ec21-42f8-8891-5b90e5bcf41c
50751ef1-24bf-4bb3-97be-82f81ab78e5a,b5fea3ca-3732-42ef-80be-eab60e46d185,4e7da483-ec21-42f8-8891-5b90e5bcf41c
c050d059-6bc4-4e3d-b231-4bbe347eadbc,c6549650-caf1-450d-ab6f-877ffad6ece4,4e7da483-ec21-42f8-8891-5b90e5bcf41c
4c280f18-8d04-4b3e-a778-d4aea01e826b,99e7e58f-19d3-4a94-aefe-59aecaabb4a0,4e7da483-ec21-42f8-8891-5b90e5bcf41c
61007912-85c5-4c46-9471-0cfcebae94c2,f39efa4f-3cb0-4664-9dd3-9903cbbe6c37,4e7da483-ec21-42f8-8891-5b90e5bcf41c
1fa5d48f-daba-4959-8049-5949929032e7,00c7b09d-04b0-46e2-8be8-4fba2dbe77cf,4e7da483-ec21-42f8-8891-5b90e5bcf41c
9ef81063-e3be-41e3-8fb9-a372d7b1b5ad,4e9b4771-c643-4386-b342-2bcdff521f6f,0d8bc81e-698e-48c7-b768-077a533a346e
5adfae47-4aaf-41f4-97a6-f7b510ea1b2f,0199ce59-de5a-7ef1-93d6-8b85f18eb4b4,4e7da483-ec21-42f8-8891-5b90e5bcf41c
060fb501-39a8-45ef-9b71-ec855e291a83,d33933d9-7bec-4304-9992-57cff20188e6,0d8bc81e-698e-48c7-b768-077a533a346e
7b10be4b-d4f9-49c9-a742-b022e2a4c76b,e5bb48b8-1581-4b17-98c4-d423d8eebc19,4e7da483-ec21-42f8-8891-5b90e5bcf41c
1f528073-6b4c-4809-a91e-aff1d95de0fd,2b2ce99b-86a7-4e9a-b5ed-1b73b81ce337,4e7da483-ec21-42f8-8891-5b90e5bcf41c
f53f33f1-0e33-4205-be89-aa6bd8b5de1d,04323fdb-253d-41b0-8c11-f88b577e112b,4e7da483-ec21-42f8-8891-5b90e5bcf41c
c921cb0d-2b70-4b4d-8722-cd07a0253dd0,e3116417-f528-4063-9be0-c76170521f3c,4e7da483-ec21-42f8-8891-5b90e5bcf41c
9be9b7d5-9f82-4c5a-bb2e-7b8a149e266c,b819ba4c-50a8-4ca6-94c2-1acc2605dc18,4e7da483-ec21-42f8-8891-5b90e5bcf41c
91a11475-979e-4d3d-af92-fab9f8a7c405,93104bbe-299c-4611-8423-30a851228c6d,4e7da483-ec21-42f8-8891-5b90e5bcf41c
8e3e7a26-6ac9-4438-af8e-c5e48a0d8662,cd03fc94-cf0a-4afe-b3db-7a1b98fda816,4e7da483-ec21-42f8-8891-5b90e5bcf41c
e9141f79-4794-49ec-98f3-3475ba687687,a18b7fec-2cec-4f5e-b5e8-df8caa1178aa,4e7da483-ec21-42f8-8891-5b90e5bcf41c
c7d2eb02-4ac5-40ed-ba0d-cf923ebd22be,1c10d464-c698-4955-9975-ec754a82f893,4e7da483-ec21-42f8-8891-5b90e5bcf41c
18230249-26fb-439d-a91b-ac29dda2d1b6,2ad7e710-4f14-4be6-9c21-905a24370713,4e7da483-ec21-42f8-8891-5b90e5bcf41c
0e03a116-7505-4362-b504-200d24e980fd,75e35562-12fb-466a-9aa5-e9df68bd0f35,4e7da483-ec21-42f8-8891-5b90e5bcf41c
eee59bac-9c94-4dba-87eb-4897b6daffaa,e761dad1-6dbf-4ac0-a5d9-d78a360e9ae8,4e7da483-ec21-42f8-8891-5b90e5bcf41c
a487fb16-256f-4880-bc16-811d6d4de052,7fc4683b-3dc2-40b1-96f1-f8428e68ffb5,4e7da483-ec21-42f8-8891-5b90e5bcf41c
30fde2da-42f1-4ed4-8b71-ec566f405a9c,151cf5ec-640a-4751-a879-6eacfcefa78b,4e7da483-ec21-42f8-8891-5b90e5bcf41c
678b3f9f-b0a5-4762-a443-246f50098f0e,ac9c4804-024d-4df3-9854-f9e02309eeea,4e7da483-ec21-42f8-8891-5b90e5bcf41c
f3315a58-8382-4671-865a-5bdba8494d9e,a65b2058-6bc2-4738-9a3f-aba4acc28d36,4e7da483-ec21-42f8-8891-5b90e5bcf41c
faeb2f6c-0d8f-4e8c-b949-0d42ea5c8d15,67900309-6fa0-4640-a1ad-a0dcf0bafde9,4e7da483-ec21-42f8-8891-5b90e5bcf41c
e989fe06-865b-4e16-80c5-bfe8f34d4af0,d8259637-15ec-4bcb-b910-527c90355f27,4e7da483-ec21-42f8-8891-5b90e5bcf41c
355b4d40-e81d-403c-b32c-f74390d9390f,26c50b73-1364-4452-b40c-0d6506aee156,4e7da483-ec21-42f8-8891-5b90e5bcf41c
951fa362-d3a7-4eda-a21d-cdfdedd992cc,b688e35e-b580-42d9-a0cf-b90d0f1b12a1,4e7da483-ec21-42f8-8891-5b90e5bcf41c
78852211-3259-4492-aeaf-5c8e8aebe474,caf04b2d-fce9-4043-9425-93d7dc8e62b0,4e7da483-ec21-42f8-8891-5b90e5bcf41c
dcbef14f-c94c-41f0-8650-7467122607ff,fff1d8ab-176a-4d94-9803-37bc886f2f68,4e7da483-ec21-42f8-8891-5b90e5bcf41c
5675af4c-3c65-4b4d-aa82-e4e0ea06b88a,284e47a4-5a94-4b14-967f-fc0efb8d0671,4e7da483-ec21-42f8-8891-5b90e5bcf41c
2a74fc81-d30c-443a-a76a-4c6a25f6a085,081399dc-d98e-46df-a4f4-e0c40cc7e42d,4e7da483-ec21-42f8-8891-5b90e5bcf41c
57e707a3-744b-4475-a253-aa56b47fc384,fcd4fc1f-321c-424a-b90c-76e31b8b7119,4e7da483-ec21-42f8-8891-5b90e5bcf41c
8c0013b9-9c25-40a1-8224-0d48a9b00f3b,7e5b5538-d9f2-4113-9821-8a2b9bfd1c33,4e7da483-ec21-42f8-8891-5b90e5bcf41c
3ca5231d-fe09-4b4a-bb73-9ed2b5bb0379,02db4898-ae8b-4c5e-8406-fe8d96648ced,4e7da483-ec21-42f8-8891-5b90e5bcf41c
c00ee017-91b8-4288-9884-c1994938b851,adf6c2a6-f670-4668-87d2-274230c486a4,4e7da483-ec21-42f8-8891-5b90e5bcf41c
55b303d4-b75a-44af-a22a-54f2cc0bb95b,1279e8d0-4f83-4c91-8504-d4ac3990e0da,4e7da483-ec21-42f8-8891-5b90e5bcf41c
b232a58c-b841-4e9f-82a4-1e3acad6ed86,3ec6b83e-d41c-4c23-9a13-4e057ca805e4,4e7da483-ec21-42f8-8891-5b90e5bcf41c
491053d8-d32f-4469-9bd4-ca87733747ec,32a92dc9-8732-434c-86c0-8df81cdf2b4b,4e7da483-ec21-42f8-8891-5b90e5bcf41c
32d6fb26-1a2e-4a8c-8674-730a51085a65,62c5e570-f9cb-4cc0-abd1-42620d714e68,4e7da483-ec21-42f8-8891-5b90e5bcf41c
c26cf260-7a22-408e-8a5f-202f1a2b2aba,42b906ce-f92b-46b0-b63b-82d82d4ae5f8,4e7da483-ec21-42f8-8891-5b90e5bcf41c
18782207-0b20-4dfb-aa18-9aec51dc063a,3f4992b2-95af-46f8-9f17-416a3c881175,4e7da483-ec21-42f8-8891-5b90e5bcf41c
afc1a442-1ed6-4982-9a19-eb0413b53f01,2e3f6d7d-a916-4c46-87d5-51ac7cdda906,0d8bc81e-698e-48c7-b768-077a533a346e
a7da79da-8a58-466e-9d26-8809ba3e88d4,8315f0d2-ccb1-4af6-a3ff-ea7c4017b216,0d8bc81e-698e-48c7-b768-077a533a346e
65cc8dde-80aa-465e-a754-c2985bc8a7fa,c0659596-e53e-42bd-9df8-e40be20093fd,4e7da483-ec21-42f8-8891-5b90e5bcf41c
05be27ae-3331-42ee-a326-39dbe6e7b29b,11de71fa-b5bb-431b-941f-759b4696bcd0,4e7da483-ec21-42f8-8891-5b90e5bcf41c
8f640987-c9a5-4c0b-a03d-ff96669d8053,217532d7-dc3e-4e52-8f20-755b57b34453,4e7da483-ec21-42f8-8891-5b90e5bcf41c
e84b439d-6382-4c04-a5ed-04ba2130a81d,24e39a55-6fe9-4e54-acb3-386eebc79e97,0d8bc81e-698e-48c7-b768-077a533a346e
68beb31c-002e-43b8-829b-fe3f90a8e82f,6e91e848-22f9-44be-aa88-4b3e7892bb35,0d8bc81e-698e-48c7-b768-077a533a346e
43462953-47d2-4a36-a3b2-401f7558d6f6,2469c19a-3e94-4d9e-9a06-252b5e629f6d,0d8bc81e-698e-48c7-b768-077a533a346e
bc564f7a-8aba-430b-a375-e255cb0ba284,1d2cbab8-2428-4aaf-9f80-2f44ebf10d86,4e7da483-ec21-42f8-8891-5b90e5bcf41c
52526377-2f7b-4f3e-b493-b2dfc26b845e,aa8f83a7-c50f-4f13-be1f-2c48239f5c54,0d8bc81e-698e-48c7-b768-077a533a346e
bbe73fad-1b5e-4247-b037-7a5be79f825d,3e880241-c8e6-446f-b437-4bec47dbb43b,0d8bc81e-698e-48c7-b768-077a533a346e
8d92c4f0-13f3-4955-84df-b0ef91cd8e5b,8fc30d61-e655-4b0a-a8f4-29995cb37b7f,0d8bc81e-698e-48c7-b768-077a533a346e
7ffd2e85-9005-4b8f-b6e5-bf0affd817db,a719310c-c6b2-44e0-84b8-eb02d3ee3439,0d8bc81e-698e-48c7-b768-077a533a346e
b810f74c-af02-41a8-bd6c-8c95d2df11a4,ecc2e9f8-dbed-4cca-94b7-6c27a4ff4ccf,4e7da483-ec21-42f8-8891-5b90e5bcf41c
eda6233a-fc4f-4c16-8eb2-7ab38c82187a,8899010f-d6cd-4a72-ba37-11317a293bf4,4e7da483-ec21-42f8-8891-5b90e5bcf41c
1376e43a-6d3c-447f-89fa-7e1a088f49b9,188c3aee-5b32-4312-ba03-1391b814b07c,0d8bc81e-698e-48c7-b768-077a533a346e
f09feaa2-425f-4c35-a956-a4737b8f979f,368d7510-e9c8-48df-adff-07348965c28b,0d8bc81e-698e-48c7-b768-077a533a346e
e67a5d9f-027a-4659-9432-c7acb64d4b03,b478fb7b-ac1d-4662-822d-8505cd980acf,4e7da483-ec21-42f8-8891-5b90e5bcf41c
ec8a9bc4-1000-4e1a-9708-221396b8cf43,7ce92c09-dc0b-4018-9220-ffd2573431fe,4e7da483-ec21-42f8-8891-5b90e5bcf41c
459e8a87-2715-41c0-b301-178c48094ece,39f9df2b-3ca3-493d-94d0-d7474e6efafd,4e7da483-ec21-42f8-8891-5b90e5bcf41c
95a80c57-127d-413e-8ae2-67241e49c571,a9c63bfe-4b47-421c-b9fb-5deeac41e24a,4e7da483-ec21-42f8-8891-5b90e5bcf41c
5e27a4e0-4216-4467-b2a3-7cf209470afc,08f5386e-1d97-45e9-bf7b-0461786592e9,4e7da483-ec21-42f8-8891-5b90e5bcf41c
4a9932ea-f565-4919-8b78-3616ee9a0c61,bfcdc560-cd5c-4f1e-a78f-c02bc45624c1,4e7da483-ec21-42f8-8891-5b90e5bcf41c
ed915269-8553-44d0-bb0e-149687c25920,f1827499-0116-4b33-b4ad-440b9ae4db3f,4e7da483-ec21-42f8-8891-5b90e5bcf41c
db217edd-1dce-4204-addf-c65b5bd01dab,ab503e5b-973c-429e-bca8-39f486758732,4e7da483-ec21-42f8-8891-5b90e5bcf41c
524c11b7-629c-4851-af38-2453d16e0864,d87ec1bb-e0b9-48f5-a279-3672803f6871,4e7da483-ec21-42f8-8891-5b90e5bcf41c
9c4712b8-030f-4eb8-9858-4beef7ecd1df,7beaa379-d675-4c17-89f0-f4cd229b96e7,4e7da483-ec21-42f8-8891-5b90e5bcf41c
4a25298a-9cae-4772-a98f-01a51d0254c6,d1da1332-de16-4635-a48d-0f23771f3244,4e7da483-ec21-42f8-8891-5b90e5bcf41c
224cd504-1629-4c85-bc19-3992747214b0,95540428-5495-4efc-9fa7-ce885baf8b21,4e7da483-ec21-42f8-8891-5b90e5bcf41c
4dafab79-b8de-4726-8438-9931002403b4,022d5108-19d5-435a-9212-3f04a78ebfe7,4e7da483-ec21-42f8-8891-5b90e5bcf41c
16ce820f-5ca9-4a07-8968-a144142c9533,3148f02c-40b8-4dbc-ba93-332ccd9c590a,4e7da483-ec21-42f8-8891-5b90e5bcf41c
69ef627a-a7c3-41b3-a95f-ad27f9118a5b,8d072577-f273-431b-aa89-2475dd9a9ebd,4e7da483-ec21-42f8-8891-5b90e5bcf41c
a18c262d-a29b-4d79-958e-a8b9a887262f,9bfe192a-106c-44be-8fb5-318476943aba,4e7da483-ec21-42f8-8891-5b90e5bcf41c
67697239-65d9-47ef-9bde-72c6bef2f7f8,7746472b-7a5c-4709-b51a-eb79a41f5e0e,4e7da483-ec21-42f8-8891-5b90e5bcf41c
37f3874d-1e27-452b-8b5e-4806ed49240a,1bd2a5cd-dafa-4a69-845d-15094a4dae49,4e7da483-ec21-42f8-8891-5b90e5bcf41c
35e69aa0-ad20-49b8-a071-110f889ab227,0329d118-116f-47f8-942f-f24350ea4602,4e7da483-ec21-42f8-8891-5b90e5bcf41c
daa2ab69-0e6f-46c5-a613-94867e629fc3,b6eb688d-8af4-4be0-b69b-f88cf7ab32f9,4e7da483-ec21-42f8-8891-5b90e5bcf41c
06a8ff96-8bc7-41c3-9bd4-d3e31ac1f78c,1264c974-8d58-4f8d-84c9-9802c0b871ba,4e7da483-ec21-42f8-8891-5b90e5bcf41c
71243437-68ca-41b7-be5a-c34d34e09872,f3b2d261-96df-49b3-8ed1-f89d5b9f31a2,4e7da483-ec21-42f8-8891-5b90e5bcf41c
4dd59c88-1e0a-4b2c-b6a6-5e112f373f50,113e007c-bedc-4d2f-9061-33e24b2fbef6,4e7da483-ec21-42f8-8891-5b90e5bcf41c
52a35059-d493-49ad-8cc2-7c38df5ff2f6,1ec57d6d-5017-436a-b70f-d0468198d9f5,4e7da483-ec21-42f8-8891-5b90e5bcf41c
5c838770-e99b-475a-bddf-a6ce31b39483,a5f20086-73e4-4301-8e37-dc133cfcb06c,4e7da483-ec21-42f8-8891-5b90e5bcf41c
373ff185-e831-45f0-8072-bc97398fd664,161eaf76-9de6-40fe-a1c6-3e6bc420ecd8,4e7da483-ec21-42f8-8891-5b90e5bcf41c
98c6164a-ddb6-48d8-8707-a0183262b997,205fa93c-c5c6-409c-a92b-09609ad23ab1,0d8bc81e-698e-48c7-b768-077a533a346e
34d22040-fe5e-4c69-baae-a6bb9fe1e393,40043c46-f8fb-489d-b104-4af0e9417f6e,0d8bc81e-698e-48c7-b768-077a533a346e
aac67fb4-8896-44f0-b08b-5528b39b4cbb,55217fa9-e807-411f-94f3-b784d32a19d1,0d8bc81e-698e-48c7-b768-077a533a346e
b7b36cfc-64c9-46e7-9caf-a44b042a2fdd,4c548480-f065-4d57-a505-f1339ca2b378,0d8bc81e-698e-48c7-b768-077a533a346e
4ef9102c-185c-48e2-aa60-0946b34a9f61,17ecd38a-d036-4138-a391-33e5ce5ea701,0d8bc81e-698e-48c7-b768-077a533a346e
7253ede2-ff64-4f56-912c-2c2aef390220,2b746b2f-a212-4d46-b728-a4e879711d6e,0d8bc81e-698e-48c7-b768-077a533a346e
e92e941a-a008-4781-8876-3ae717c61fb8,b6720dc4-04d6-4655-a486-a3eeb6efbaca,0d8bc81e-698e-48c7-b768-077a533a346e
cf675686-bd80-4868-8e93-059a02defba0,f5217f98-d1a0-4d27-8080-6cb8e7c2c9cb,0d8bc81e-698e-48c7-b768-077a533a346e
47a4324c-ad03-4e94-ba75-b3cb22a2b701,8d393474-c158-4a18-9217-9f3ec538f6dc,0d8bc81e-698e-48c7-b768-077a533a346e
5cd147d5-0c10-4d53-bb7f-3a81c8c6382f,4932100b-17bc-4d8f-9720-1b14077b0c9e,0d8bc81e-698e-48c7-b768-077a533a346e
e867bcd1-1bdd-4134-8078-b8e51f227e9b,56b52a37-dc47-441b-93e7-8d7f10e7ddf1,0d8bc81e-698e-48c7-b768-077a533a346e
0ee539e2-5a33-42d8-9902-c6b7fb5d7cd6,6b70ec7c-02a2-4c1b-9812-e24efde8ff3a,0d8bc81e-698e-48c7-b768-077a533a346e
