ID,SERVICEORDER_ID,PLOT_ID
42f6b83b-2201-4d79-b3de-e888a3ce80c1,3dd839a3-c237-434a-8177-869fa47afa75,2fc24a49-083e-45cc-ab99-00c242205a72
24d3e9bc-ed1e-4a0f-b9fd-840adc545a53,6ce2913b-5332-4f49-b650-a374f024e03d,2fc24a49-083e-45cc-ab99-00c242205a72
3204e319-d201-4c18-98d6-3ca31a55e1a4,2d52eaa2-7630-4d8b-b7bf-7da007d7133c,2fc24a49-083e-45cc-ab99-00c242205a72
180317fe-83d7-4504-9c87-ac700fa4c075,dd4084fe-eb10-4ed1-b27d-ca8dcdd6dfe5,2fc24a49-083e-45cc-ab99-00c242205a72
bf4b5de8-284d-43c0-af3d-74b7c75d929a,37bfe289-b192-4912-b7ec-f0ac104e6e58,2fc24a49-083e-45cc-ab99-00c242205a72
514c4256-3fd2-453b-910d-c4a6936c4867,b5fea3ca-3732-42ef-80be-eab60e46d185,2fc24a49-083e-45cc-ab99-00c242205a72
11485d32-a05d-4056-a7be-c9e5147e3430,c6549650-caf1-450d-ab6f-877ffad6ece4,2fc24a49-083e-45cc-ab99-00c242205a72
e21f1f79-2b3f-4141-8135-d309516d7ea4,99e7e58f-19d3-4a94-aefe-59aecaabb4a0,2fc24a49-083e-45cc-ab99-00c242205a72
20f31f38-2d22-4bee-8cbb-826d514f151b,f39efa4f-3cb0-4664-9dd3-9903cbbe6c37,2fc24a49-083e-45cc-ab99-00c242205a72
ec50ccb8-0970-4208-9285-7ddfb69488eb,00c7b09d-04b0-46e2-8be8-4fba2dbe77cf,2fc24a49-083e-45cc-ab99-00c242205a72
9943fe29-96d3-4ec7-9c95-5e3630d7d002,4e9b4771-c643-4386-b342-2bcdff521f6f,2fc24a49-083e-45cc-ab99-00c242205a72
2726524c-8710-4a58-b620-59abaafc6f0e,0199ce59-de5a-7ef1-93d6-8b85f18eb4b4,d4ebff18-5726-4ba8-8ddc-82323d7b3b8d
bcd738a5-c958-44f4-9dc9-0fed9e89f242,d33933d9-7bec-4304-9992-57cff20188e6,d4ebff18-5726-4ba8-8ddc-82323d7b3b8d
61828e8c-59a4-4b4f-ae6f-ffcfc59da1a0,e5bb48b8-1581-4b17-98c4-d423d8eebc19,a42b100a-672c-4bcd-ba5f-b4e0170bf0e8
05e2dd88-47b9-40a8-bccb-184decc48327,2b2ce99b-86a7-4e9a-b5ed-1b73b81ce337,a42b100a-672c-4bcd-ba5f-b4e0170bf0e8
72f8c119-fbf8-44ce-b1fc-d466a83aafa4,04323fdb-253d-41b0-8c11-f88b577e112b,a42b100a-672c-4bcd-ba5f-b4e0170bf0e8
2d3f0d2c-bc1b-4398-9b37-f3466cd3388e,e3116417-f528-4063-9be0-c76170521f3c,a42b100a-672c-4bcd-ba5f-b4e0170bf0e8
4dd2eac5-80ac-4456-9264-1e8325c55301,b819ba4c-50a8-4ca6-94c2-1acc2605dc18,a42b100a-672c-4bcd-ba5f-b4e0170bf0e8
03148af6-f5c3-434a-8a28-e119704b5126,93104bbe-299c-4611-8423-30a851228c6d,a42b100a-672c-4bcd-ba5f-b4e0170bf0e8
7b3eed31-ec44-41dd-bdf2-0475712f5b56,cd03fc94-cf0a-4afe-b3db-7a1b98fda816,a42b100a-672c-4bcd-ba5f-b4e0170bf0e8
381d7b01-3979-4ee9-8b0f-f337bd8dd145,a18b7fec-2cec-4f5e-b5e8-df8caa1178aa,a42b100a-672c-4bcd-ba5f-b4e0170bf0e8
dbada5a4-8b9e-4923-82d9-458374cd918c,1c10d464-c698-4955-9975-ec754a82f893,a42b100a-672c-4bcd-ba5f-b4e0170bf0e8
0ee680d1-4781-49df-87ec-b4e68d78c2d1,2ad7e710-4f14-4be6-9c21-905a24370713,a42b100a-672c-4bcd-ba5f-b4e0170bf0e8
61d63f39-5398-497a-8a1c-260432c8056b,75e35562-12fb-466a-9aa5-e9df68bd0f35,a42b100a-672c-4bcd-ba5f-b4e0170bf0e8
f873e506-6e94-42fa-8c30-4776a034052f,e761dad1-6dbf-4ac0-a5d9-d78a360e9ae8,a42b100a-672c-4bcd-ba5f-b4e0170bf0e8
dc853237-f26b-48c1-ab6b-6f9786184f95,7fc4683b-3dc2-40b1-96f1-f8428e68ffb5,a42b100a-672c-4bcd-ba5f-b4e0170bf0e8
c7a5f569-b4df-46b0-954c-fca90d8e99f5,151cf5ec-640a-4751-a879-6eacfcefa78b,a42b100a-672c-4bcd-ba5f-b4e0170bf0e8
be0727da-b57a-4f24-aa5a-ad1ac76c761e,ac9c4804-024d-4df3-9854-f9e02309eeea,a42b100a-672c-4bcd-ba5f-b4e0170bf0e8
561a8a07-1ef8-4c47-bed7-06f54a08f44f,a65b2058-6bc2-4738-9a3f-aba4acc28d36,c2162a48-34c4-4704-b6e3-4400caa3347b
c59337e8-a132-4ae4-b1d9-e9184c586f24,67900309-6fa0-4640-a1ad-a0dcf0bafde9,c2162a48-34c4-4704-b6e3-4400caa3347b
6231321c-302f-44fc-87a6-346323d04c57,d8259637-15ec-4bcb-b910-527c90355f27,c2162a48-34c4-4704-b6e3-4400caa3347b
791552b5-64fc-4375-a5e6-cb459101c6d7,26c50b73-1364-4452-b40c-0d6506aee156,c2162a48-34c4-4704-b6e3-4400caa3347b
3f7012ab-597a-4eee-bf63-639030a7fa92,b688e35e-b580-42d9-a0cf-b90d0f1b12a1,c2162a48-34c4-4704-b6e3-4400caa3347b
7611d849-ac38-4860-ac7c-d6edb3c47b7d,caf04b2d-fce9-4043-9425-93d7dc8e62b0,c2162a48-34c4-4704-b6e3-4400caa3347b
8846691a-f9bc-464e-9ef3-a45b90eef928,fff1d8ab-176a-4d94-9803-37bc886f2f68,c2162a48-34c4-4704-b6e3-4400caa3347b
b7d96642-fd10-4137-ba4f-5786f8f63ecd,284e47a4-5a94-4b14-967f-fc0efb8d0671,c2162a48-34c4-4704-b6e3-4400caa3347b
8c6539b5-c024-4dec-a79e-2b05d33c1aec,081399dc-d98e-46df-a4f4-e0c40cc7e42d,c2162a48-34c4-4704-b6e3-4400caa3347b
b113fd98-5504-45cb-a509-f768b1a1a04e,fcd4fc1f-321c-424a-b90c-76e31b8b7119,c2162a48-34c4-4704-b6e3-4400caa3347b
ecab0631-aab8-4a40-8a7a-36de7d75fc48,7e5b5538-d9f2-4113-9821-8a2b9bfd1c33,c2162a48-34c4-4704-b6e3-4400caa3347b
2fabe7c6-08d6-4056-a452-e0b8ed11e164,02db4898-ae8b-4c5e-8406-fe8d96648ced,c2162a48-34c4-4704-b6e3-4400caa3347b
b90361ea-8c57-4617-a4c6-ab4c59c5fa86,adf6c2a6-f670-4668-87d2-274230c486a4,c2162a48-34c4-4704-b6e3-4400caa3347b
e9b33dc8-a53f-4917-b2c7-178d3fef972a,1279e8d0-4f83-4c91-8504-d4ac3990e0da,c2162a48-34c4-4704-b6e3-4400caa3347b
685a3bfa-20b7-41cc-8ceb-8746cbabebf9,3ec6b83e-d41c-4c23-9a13-4e057ca805e4,c2162a48-34c4-4704-b6e3-4400caa3347b
da1f718b-e55e-4cbe-93ab-432cf14d527c,32a92dc9-8732-434c-86c0-8df81cdf2b4b,c2162a48-34c4-4704-b6e3-4400caa3347b
d650961c-5a29-41ec-84b9-0b4fa577fcea,62c5e570-f9cb-4cc0-abd1-42620d714e68,c2162a48-34c4-4704-b6e3-4400caa3347b
bbd0ccec-9670-4dbb-aecf-594e2fe2fe1b,42b906ce-f92b-46b0-b63b-82d82d4ae5f8,c2162a48-34c4-4704-b6e3-4400caa3347b
b31ceedd-2140-4c52-b74c-ac9b37ca684c,3f4992b2-95af-46f8-9f17-416a3c881175,da754c0a-11a3-43dd-93f4-8e242e27d5b5
be29dfb1-38d8-4d17-985d-828b63071531,2e3f6d7d-a916-4c46-87d5-51ac7cdda906,da754c0a-11a3-43dd-93f4-8e242e27d5b5
945b0753-9e49-4691-902d-bad51a9a5eb9,8315f0d2-ccb1-4af6-a3ff-ea7c4017b216,da754c0a-11a3-43dd-93f4-8e242e27d5b5
b1cb8893-1127-4f2d-932d-0daf40bff574,c0659596-e53e-42bd-9df8-e40be20093fd,1772d290-a9e1-4c97-9fe3-49e5d406e3bb
1bb6a8ef-db14-4f61-baf4-4018fce2975c,11de71fa-b5bb-431b-941f-759b4696bcd0,1772d290-a9e1-4c97-9fe3-49e5d406e3bb
05f2f964-052d-4ceb-a855-de0269c358cc,217532d7-dc3e-4e52-8f20-755b57b34453,1772d290-a9e1-4c97-9fe3-49e5d406e3bb
8f44beac-e4d5-4c46-8a48-3413176cd21d,24e39a55-6fe9-4e54-acb3-386eebc79e97,1772d290-a9e1-4c97-9fe3-49e5d406e3bb
590c6c1c-60e2-4b4c-aa0e-c758f56217ad,6e91e848-22f9-44be-aa88-4b3e7892bb35,1772d290-a9e1-4c97-9fe3-49e5d406e3bb
e92206f3-787c-4cfa-80ca-0835fef0e6a1,2469c19a-3e94-4d9e-9a06-252b5e629f6d,1772d290-a9e1-4c97-9fe3-49e5d406e3bb
115b64ea-53b2-45ec-9e82-1ea053dad4b9,1d2cbab8-2428-4aaf-9f80-2f44ebf10d86,134c540e-ffb4-475c-a4e5-36b78790ab1d
3db1c313-abdb-4a88-a306-8856675de4c1,aa8f83a7-c50f-4f13-be1f-2c48239f5c54,134c540e-ffb4-475c-a4e5-36b78790ab1d
f9f07c53-9a8e-487a-aadb-80e753d4282e,3e880241-c8e6-446f-b437-4bec47dbb43b,134c540e-ffb4-475c-a4e5-36b78790ab1d
6ea2a311-fdfa-43b4-af13-fff7b1aa58cf,8fc30d61-e655-4b0a-a8f4-29995cb37b7f,134c540e-ffb4-475c-a4e5-36b78790ab1d
294c0671-d259-4296-bf4d-d00a6d899fac,a719310c-c6b2-44e0-84b8-eb02d3ee3439,134c540e-ffb4-475c-a4e5-36b78790ab1d
d415811f-b82b-4c0b-832e-8f5397a97e2b,ecc2e9f8-dbed-4cca-94b7-6c27a4ff4ccf,1e955eb0-c4f2-4080-a553-0fbbde20d91b
60bcbc2d-60ae-4ebf-894e-f6699ba54a87,8899010f-d6cd-4a72-ba37-11317a293bf4,1e955eb0-c4f2-4080-a553-0fbbde20d91b
0743eaa4-a61b-4f15-bcb6-00e07b968d8c,188c3aee-5b32-4312-ba03-1391b814b07c,1e955eb0-c4f2-4080-a553-0fbbde20d91b
d255cc09-59a7-45e3-9735-a95302b65885,368d7510-e9c8-48df-adff-07348965c28b,1e955eb0-c4f2-4080-a553-0fbbde20d91b
702e0195-dcb8-48d5-a364-433ff62c87c3,b478fb7b-ac1d-4662-822d-8505cd980acf,045ec859-e428-4db6-871c-d62e942ea722
6ec8d5de-b525-471d-b6be-8ebf14d1b1c3,7ce92c09-dc0b-4018-9220-ffd2573431fe,045ec859-e428-4db6-871c-d62e942ea722
8679b181-6bcd-4328-b68b-5b6ed7a178af,39f9df2b-3ca3-493d-94d0-d7474e6efafd,045ec859-e428-4db6-871c-d62e942ea722
4d4160b9-5d27-435b-b91a-cd6f80d3b6ce,a9c63bfe-4b47-421c-b9fb-5deeac41e24a,045ec859-e428-4db6-871c-d62e942ea722
309a0254-689f-4841-9127-51e8e152e1eb,08f5386e-1d97-45e9-bf7b-0461786592e9,045ec859-e428-4db6-871c-d62e942ea722
60e69cac-112d-46fc-9070-520eb9073bc8,bfcdc560-cd5c-4f1e-a78f-c02bc45624c1,045ec859-e428-4db6-871c-d62e942ea722
5cce2d6c-b09c-44eb-82ff-f34920b153fd,f1827499-0116-4b33-b4ad-440b9ae4db3f,045ec859-e428-4db6-871c-d62e942ea722
053ea24f-29e0-457a-ad4b-c82c56d40def,ab503e5b-973c-429e-bca8-39f486758732,045ec859-e428-4db6-871c-d62e942ea722
9c30790b-ecb1-41d8-bef5-87bd4d9be875,d87ec1bb-e0b9-48f5-a279-3672803f6871,045ec859-e428-4db6-871c-d62e942ea722
ed539f93-9e18-45d3-9b46-ea6c29bf1d39,7beaa379-d675-4c17-89f0-f4cd229b96e7,045ec859-e428-4db6-871c-d62e942ea722
900e3def-e321-4c40-9ad4-1ebd188e7190,d1da1332-de16-4635-a48d-0f23771f3244,045ec859-e428-4db6-871c-d62e942ea722
6992b57e-8a7f-43f7-a816-6edea5d07d00,95540428-5495-4efc-9fa7-ce885baf8b21,045ec859-e428-4db6-871c-d62e942ea722
4ae03c6f-35a0-4dd8-995a-554505fb4357,022d5108-19d5-435a-9212-3f04a78ebfe7,045ec859-e428-4db6-871c-d62e942ea722
7a82ffd9-c294-4b22-8514-cdaa805cd4ab,3148f02c-40b8-4dbc-ba93-332ccd9c590a,045ec859-e428-4db6-871c-d62e942ea722
5e3e1a69-fb3f-4d97-b067-4d4737e4ee48,8d072577-f273-431b-aa89-2475dd9a9ebd,045ec859-e428-4db6-871c-d62e942ea722
9869e66c-a6bb-4a81-9681-36571c054fdc,9bfe192a-106c-44be-8fb5-318476943aba,045ec859-e428-4db6-871c-d62e942ea722
006802b0-c88c-4049-b7d4-3cf70564c733,7746472b-7a5c-4709-b51a-eb79a41f5e0e,045ec859-e428-4db6-871c-d62e942ea722
f1de1d18-436f-4f4c-8b2d-f1f3028de340,1bd2a5cd-dafa-4a69-845d-15094a4dae49,045ec859-e428-4db6-871c-d62e942ea722
98048b21-c481-4030-bf76-9970fe5a2659,0329d118-116f-47f8-942f-f24350ea4602,045ec859-e428-4db6-871c-d62e942ea722
30f80ca7-bfc9-4766-b18b-c8d0b3342cf3,b6eb688d-8af4-4be0-b69b-f88cf7ab32f9,045ec859-e428-4db6-871c-d62e942ea722
81864029-5527-4324-b024-aef9dffbfde7,1264c974-8d58-4f8d-84c9-9802c0b871ba,045ec859-e428-4db6-871c-d62e942ea722
7defe33d-f6eb-45e0-b6d5-a19ff8c6babc,f3b2d261-96df-49b3-8ed1-f89d5b9f31a2,045ec859-e428-4db6-871c-d62e942ea722
14cc4b9d-304c-453b-9ab8-94e0cccdecfa,113e007c-bedc-4d2f-9061-33e24b2fbef6,045ec859-e428-4db6-871c-d62e942ea722
7fa5c0f9-cf7c-4fc4-aa46-eaf7dcbd81ab,1ec57d6d-5017-436a-b70f-d0468198d9f5,045ec859-e428-4db6-871c-d62e942ea722
f15eadde-bcfb-4cf0-b1c8-89e23ccfcc46,a5f20086-73e4-4301-8e37-dc133cfcb06c,045ec859-e428-4db6-871c-d62e942ea722
fb31704f-ff3f-4ca4-a7a3-ed5782e8181d,161eaf76-9de6-40fe-a1c6-3e6bc420ecd8,045ec859-e428-4db6-871c-d62e942ea722
86b5d427-2ccd-494b-a35a-e95775e7a831,8c7bde45-089d-49c9-af6d-af239246b886,045ec859-e428-4db6-871c-d62e942ea722
b8998922-0c50-4797-ba5a-69a97bfc38b7,31e67d2b-6a81-4489-8536-8fd286b3ffe4,045ec859-e428-4db6-871c-d62e942ea722
9a9b2458-4d60-4a8c-ad0d-807e8da97099,009ac3f6-d68e-49d0-b30a-4136893bdb22,045ec859-e428-4db6-871c-d62e942ea722
d039cf72-4620-4c74-ab26-ca400499e3c4,75e15d05-3cdd-4d91-bcba-841fcf3dbf69,045ec859-e428-4db6-871c-d62e942ea722
2249a98a-5ae1-4631-8c30-d34e3c84fbdd,609d5020-58f4-493b-a089-6acfa77d7509,045ec859-e428-4db6-871c-d62e942ea722
c1e3a19a-86eb-411b-9d76-9131710050cd,4b7e8d26-9255-49ee-8703-ec98e979c8ac,045ec859-e428-4db6-871c-d62e942ea722
9ed48dbd-5a12-4bde-ad00-4f000084bf81,a70acdc4-f4a3-4b3c-9325-2c3055b7e4c2,045ec859-e428-4db6-871c-d62e942ea722
a38cf0e3-4610-449d-a939-f617f45f4740,7a944134-18b3-496c-abe1-a544b307fd59,045ec859-e428-4db6-871c-d62e942ea722
7f94acca-1088-4345-93da-e359eada448d,eed8637b-98e0-4eba-a200-ea6fd5fc11d7,045ec859-e428-4db6-871c-d62e942ea722
21c4ed8f-fed5-46df-b7e0-cd7d1f30e745,f7e66b1a-6776-4987-955c-4da8d835d5fd,045ec859-e428-4db6-871c-d62e942ea722
875b2830-4e63-407d-98a4-3498b899ff97,ba0c314e-b3ff-4a3c-8628-00c9a16d967f,045ec859-e428-4db6-871c-d62e942ea722
6e2b0090-f25d-4d89-a17e-eb26a876ad3c,6584ad2f-323c-4686-bb52-d4586168f050,045ec859-e428-4db6-871c-d62e942ea722
ba90827b-4e00-4b7f-937b-4ba0a2ced12c,537dbc6b-e4ab-45b0-a7fd-342aabb82e91,045ec859-e428-4db6-871c-d62e942ea722
47746d3d-9c99-42d0-b572-7ae8ed79b2a9,591a359b-e237-49b6-a240-687927a092ca,045ec859-e428-4db6-871c-d62e942ea722
fabec236-9b85-4d3d-820d-60725986cb29,216e9317-82c7-411d-ab85-0dbfd659e070,045ec859-e428-4db6-871c-d62e942ea722
f782bcd4-b6cd-4176-802b-4a8dbafc1b7c,6cdf6970-f331-4e9d-ae8d-d11c4a96da19,045ec859-e428-4db6-871c-d62e942ea722
bfbfddb9-556b-4216-a2e8-c74c898538cc,3cf1f2ce-cbd8-4db1-a453-19964ca477d1,045ec859-e428-4db6-871c-d62e942ea722
b54a4628-b714-49f8-b9b8-ce0329a8ac23,08b381d7-379a-4f3d-aeba-0ae0df1cfe69,045ec859-e428-4db6-871c-d62e942ea722
eb38832b-6df7-42f2-982b-4e3ab3c9fa89,8d5a86d9-77b9-4425-8d58-318e9dde1acd,045ec859-e428-4db6-871c-d62e942ea722
1a10c715-d691-4f7a-874a-84589717d4b5,217a3139-911a-4d4e-909a-438c87c3e313,045ec859-e428-4db6-871c-d62e942ea722
e964036d-adbb-40af-9ebd-ec5679960692,57933bf4-1370-47f9-bdcd-ceb425902c59,045ec859-e428-4db6-871c-d62e942ea722
9f8b9d1d-054b-40ab-82ff-c7e07419fafe,e6bcc398-ecf2-4afd-a5e2-144d54b04785,045ec859-e428-4db6-871c-d62e942ea722
581f668e-5751-46b3-ac20-77426f8820bf,176c895b-18a9-43f8-b6aa-a81d6df4a86e,045ec859-e428-4db6-871c-d62e942ea722
20168304-a776-4df7-a408-1a2d4a7517c2,83853e4c-d32f-4440-b537-7998f10f22e2,045ec859-e428-4db6-871c-d62e942ea722
13f972cf-c35d-422b-90e3-d730bda44aca,6332055a-c894-4ffb-95f4-d08334602654,045ec859-e428-4db6-871c-d62e942ea722
63dcaa8a-0429-4599-93a2-4f55ab71d4b7,c6ee3e4b-fd73-416c-b770-3d059bc2f58b,045ec859-e428-4db6-871c-d62e942ea722
82f42fe6-1622-4325-b010-b986030e6fe8,063f373c-2498-4921-a853-95fa5931b789,045ec859-e428-4db6-871c-d62e942ea722
f144c3d6-63c6-4d4a-92f7-f693fba85acc,e4d1c5e3-1730-4fdf-9b9c-2e554382a64d,045ec859-e428-4db6-871c-d62e942ea722
dbb970ea-f0a8-4318-a0e4-e16a57250395,ab085a41-3ddf-4c11-ad76-e22925be51c0,045ec859-e428-4db6-871c-d62e942ea722
8ef7e4a8-f3d5-43f3-9b37-ddcb518dc4fa,8b39782c-af70-4026-bb0c-46f843d3842d,045ec859-e428-4db6-871c-d62e942ea722
2eb7c504-7f90-482c-a63b-e4015af400ef,a1ff1a9c-b13a-4412-8094-0b7824d11d02,045ec859-e428-4db6-871c-d62e942ea722
a4467a70-8111-428a-acad-162eb4ba9ab3,0a941f02-9b0a-4d85-8ae7-1f11ba7401fd,045ec859-e428-4db6-871c-d62e942ea722
f9721009-dc95-4e5b-b037-215e7e6ff9f5,27460fad-f9bb-496e-a1df-2e01b580b437,045ec859-e428-4db6-871c-d62e942ea722
a63a8759-3ed5-41b1-a035-3618518610ec,ba6f649d-8735-48e2-bc0a-2f9667ce6df3,045ec859-e428-4db6-871c-d62e942ea722
9d874ea6-b2fa-4bc4-ac63-9bd630cc03f6,854f7cf1-fc60-413d-bbbe-23d7b47b65d6,045ec859-e428-4db6-871c-d62e942ea722
98a8f327-8144-4d1d-81e1-d535d5d82e51,241a9723-4b80-4531-a53b-1848499fbf49,045ec859-e428-4db6-871c-d62e942ea722
98f96bd4-4eac-4d16-8e08-196ad694ab28,6c6f35c4-0d04-4b5f-ab9f-90c254926f9c,045ec859-e428-4db6-871c-d62e942ea722
903f760d-c438-4fb0-911f-dd874b06f06b,8af7baa0-88e9-4610-9e6e-963f61c588cd,045ec859-e428-4db6-871c-d62e942ea722
4ba173d3-2616-414f-9d87-f79ce321dc65,4b2ade1b-c13f-4b77-935e-957adabdd365,045ec859-e428-4db6-871c-d62e942ea722
f37fca73-8fed-4163-84c9-efd0bcb8d86d,a5708e13-45de-4e0f-bd00-28310b4bb963,045ec859-e428-4db6-871c-d62e942ea722
63376e6b-2458-45be-90ab-8f77e9d29d6f,a9797603-b98a-48d9-aa0e-a8e539045b61,045ec859-e428-4db6-871c-d62e942ea722
c0320147-41a8-4e25-b102-eab1a3079b07,9cb395db-b634-4b69-a148-e4b13fcac8aa,045ec859-e428-4db6-871c-d62e942ea722
2094d23e-170c-4ca0-9e3f-0d8be2d0f7ea,10ba7ec0-5c39-4168-ba7e-a63d97232c7f,045ec859-e428-4db6-871c-d62e942ea722
6421aa71-196e-442b-aff3-c7ac0c4534a0,596dc038-877b-4d09-9252-43973b8c2d00,045ec859-e428-4db6-871c-d62e942ea722
83f125ba-0723-42d3-bd81-ae1a318addfe,d063b76c-9d0e-4979-ae0a-fb3fe2ed87fe,045ec859-e428-4db6-871c-d62e942ea722
f208232f-f440-4f92-a98d-172d5a418f96,840c54cd-2ecf-4002-adce-6c97d5e60157,045ec859-e428-4db6-871c-d62e942ea722
f64e3977-9409-4960-9eed-ec63fe00c147,8488ccdb-d7d8-474f-a810-c8a2cc06f6c9,045ec859-e428-4db6-871c-d62e942ea722
0f54efbf-3065-45de-abe4-476f13d8719d,de8253f1-e5b4-49c7-969c-27bd830418d2,045ec859-e428-4db6-871c-d62e942ea722
3d741941-0688-4ace-bec2-c31730451973,f87e1839-4461-4861-bf4f-713823e2deb7,045ec859-e428-4db6-871c-d62e942ea722
62dade57-5b2d-4dee-aa6c-e52d7e80f5d0,ea00bdbe-3529-4e13-806f-29a71471aa06,045ec859-e428-4db6-871c-d62e942ea722
8606dccc-3d0b-46a4-aef4-c5e36dabec14,c6e528f5-23b6-41f7-833e-da84d4376097,045ec859-e428-4db6-871c-d62e942ea722
f0baa8d6-6088-401b-b0e8-a5adebaf29a5,cd51a6d2-dbfe-455c-8954-540fb8f61370,045ec859-e428-4db6-871c-d62e942ea722
c4369375-553e-4b63-b00c-646680ff8484,a8c35d06-1dfd-4bd0-96ed-542fb08866c7,045ec859-e428-4db6-871c-d62e942ea722
61cf898e-ed9e-4442-b3a4-73edcbb0f157,7a4a3559-0008-4aa8-92df-9b6321a38a37,045ec859-e428-4db6-871c-d62e942ea722
c6b228a9-02d5-46bf-905c-cb2655700565,6e12597a-2ebc-4741-9ad7-d0041bb40aba,045ec859-e428-4db6-871c-d62e942ea722
1c0b26ce-9cae-4588-b0d4-fd19c52905d2,ef10208b-c9e9-404b-95f9-9a28fb240ff4,045ec859-e428-4db6-871c-d62e942ea722
842f0d96-de44-4e30-a089-f6d20038168e,9ae936b4-ec20-4aa2-be98-09c61cc13e50,045ec859-e428-4db6-871c-d62e942ea722
5835da47-dccc-4cb3-8afc-0ecc35c22211,ae2e6527-2d5a-49e4-a5be-a19554b3f91b,045ec859-e428-4db6-871c-d62e942ea722
b29a0b77-29af-4013-bfa5-430075b1f399,9209166c-5382-44c4-929d-c650965df723,045ec859-e428-4db6-871c-d62e942ea722
f7fdce32-a788-4050-b286-0975777352d9,415d4f55-ed41-4d26-b2ea-30775d2d4318,045ec859-e428-4db6-871c-d62e942ea722
bdb1c382-bcc9-4312-af15-0ab04846a947,4e514a9b-bfc6-4c27-ba9e-65ba70f1cd2f,045ec859-e428-4db6-871c-d62e942ea722
a6c933ff-32b9-41d6-b5f3-09bd14c0b48a,bec2358b-106c-4def-bd46-966c42569553,045ec859-e428-4db6-871c-d62e942ea722
8b0120e0-7aa7-4f0e-a698-2e6cbe8fa328,abbf7f49-bbaa-4e76-96e6-fffbb3837e83,045ec859-e428-4db6-871c-d62e942ea722
86eb795e-48ee-4dda-88cf-012bca0c192b,960004c5-c575-4275-9eaf-510eb1e833db,045ec859-e428-4db6-871c-d62e942ea722
59e6ecc4-26b7-4889-a048-17457ed69288,1d207bd2-265b-4619-b157-ef9cce5491b5,045ec859-e428-4db6-871c-d62e942ea722
98ae81e7-4935-498b-91ee-fa5e1d62b63a,682b96c3-091a-4d5b-a702-e5712fb61ec2,045ec859-e428-4db6-871c-d62e942ea722
a3217ac3-1a84-41f8-8d77-aa2d051ff129,3305dba8-88fe-4693-a828-4b826824047f,045ec859-e428-4db6-871c-d62e942ea722
ce48ef33-845c-46b8-a6a9-0bf13c5b4b1b,56459a52-7f2c-4b09-a84e-bca5f37deb48,045ec859-e428-4db6-871c-d62e942ea722
fdf7c64f-80fb-4429-a6f7-6f0845715d78,531804cc-6860-4469-a57e-b354d147a8de,045ec859-e428-4db6-871c-d62e942ea722
8e13203b-ef68-457f-8897-ddef7cc62373,184eea82-31b4-4fe0-acfd-34a74f03a9e9,045ec859-e428-4db6-871c-d62e942ea722
b49cc777-5fed-46ca-8428-6d09428ea92b,a1fdcd3a-9ac8-4353-9ebb-8ef81d9a8d8c,045ec859-e428-4db6-871c-d62e942ea722
85489dca-94b4-49e8-a95f-b8bcc5654a54,bd6e30c9-5bfb-4c3a-958c-1d0651efcfd6,045ec859-e428-4db6-871c-d62e942ea722
4f0657e1-f7a2-48ff-8030-e7bc05cda4db,043fe93d-63e7-4bad-afe0-a6de716516d8,045ec859-e428-4db6-871c-d62e942ea722
30909a93-76aa-4fd3-9c3c-03cf8a754c1f,8bfcc149-e54f-4923-8b20-5f0378852ffb,045ec859-e428-4db6-871c-d62e942ea722
510c2d77-6a76-4971-9f0c-4b00579c7c72,d2ddccaa-d314-4cd7-8f0e-1e0eb0e0bff1,045ec859-e428-4db6-871c-d62e942ea722
4331a455-9f1d-49a4-adbf-7fe3f1c0915a,2084042a-a204-416f-bd77-85b3212842c0,045ec859-e428-4db6-871c-d62e942ea722
d94bfa7b-0bb9-4932-a389-559960aaec4f,38285111-ba36-47ee-8d48-46c670004992,045ec859-e428-4db6-871c-d62e942ea722
8a06ada1-3fc5-46a8-8de8-00a6c71386b6,80cd8301-8686-4e4a-bf14-3c6cd0022d82,045ec859-e428-4db6-871c-d62e942ea722
85f4ce7b-d9d6-47b9-a263-811c5d84560b,bb8072a3-61fa-49a6-8417-f8662ef0ecfa,045ec859-e428-4db6-871c-d62e942ea722
198b1ea0-c1ec-49d9-bfcd-355b52bf42cb,12c62c01-3066-45b9-ae74-7b55b0d7119e,045ec859-e428-4db6-871c-d62e942ea722
5caafcee-8363-4a5f-acf5-96cce7f956f3,40ad6164-1a47-4844-be27-bdd3304befae,045ec859-e428-4db6-871c-d62e942ea722
f22cf48f-5c1c-403a-8379-14e8fa94372e,ace3bcc5-b849-4fd9-b18a-da57af3970ad,045ec859-e428-4db6-871c-d62e942ea722
70bb299e-4c33-48c8-a06a-3e2a7abe3127,eac002bf-cce4-46a9-bdd5-5877b5e73bfa,045ec859-e428-4db6-871c-d62e942ea722
5e137c18-9e80-484c-a7a0-3e250d05bc7d,aa3572d0-6793-480a-9e8e-1e7b7656676d,045ec859-e428-4db6-871c-d62e942ea722
87c6c134-4ac5-4345-bf74-0d2a401aacbd,3439c1c1-5c69-4edd-8a6e-1c934cf84084,045ec859-e428-4db6-871c-d62e942ea722
7e773ad9-b37a-4dbf-9a2f-ac12399334cd,4299fef8-597f-46e2-afe0-22897ca74518,045ec859-e428-4db6-871c-d62e942ea722
82d8d616-ea84-4382-a3cb-5c2df5805698,f05063e0-7993-4905-bf4e-30b3232baf6d,045ec859-e428-4db6-871c-d62e942ea722
02f23452-d746-437f-8ae8-fd0c7980fb63,92bbcbb0-7e2a-4403-b23a-a7a85e77cd9c,045ec859-e428-4db6-871c-d62e942ea722
7e4ea4d6-cbf4-4880-8273-d470a9f68709,6f262c23-7299-4502-bbb7-ddfda00eb82f,045ec859-e428-4db6-871c-d62e942ea722
6eb48d02-f009-4115-a830-53d26e7fb505,01b78785-e2d8-4e26-9fd7-2124c23dacee,045ec859-e428-4db6-871c-d62e942ea722
acb502e0-9251-42e2-ab2b-cc1713e0a2ec,c297912f-c966-4611-8bba-9600e1b4f717,045ec859-e428-4db6-871c-d62e942ea722
f52c3cd4-40fe-400f-bb37-b4cf495046bd,032ddca4-eb26-4661-aa5d-566b5d774dfd,045ec859-e428-4db6-871c-d62e942ea722
7731dc27-ffdb-476d-864f-3a4c357de634,a7ae8a45-ed5f-4586-8765-2046b1606764,045ec859-e428-4db6-871c-d62e942ea722
e68d8e42-4946-4aae-995c-c2b48b36a2c2,e36d7be2-9820-4689-a547-b3ee1eb1d812,045ec859-e428-4db6-871c-d62e942ea722
8cb912c8-0d60-4aee-8649-3583dc795be8,ab541849-09e1-4bdd-ba8b-301d9c838257,045ec859-e428-4db6-871c-d62e942ea722
6f6d22a6-a00e-4c04-9701-6ede37f55a6a,45964569-4806-4086-a098-c41b2f40ccd7,045ec859-e428-4db6-871c-d62e942ea722
d105204c-f6c6-4f31-9f8b-f3adc2c9852c,caa1e8ec-9091-4d69-bd33-55770f863a73,045ec859-e428-4db6-871c-d62e942ea722
56cf3873-d252-421d-8780-374d4d42a4df,e326eab6-03df-4923-8fbd-76934152c2a0,045ec859-e428-4db6-871c-d62e942ea722
33fe0ae4-2ba9-40b6-b32f-7b384c9c4ffb,99e6ae79-e1ad-47c1-8eb2-25dbdfd089ea,045ec859-e428-4db6-871c-d62e942ea722
7699d77b-3a6f-47e6-ab36-fe36193f3387,a0294825-61ec-4ab5-9283-17eeb9de2b7f,045ec859-e428-4db6-871c-d62e942ea722
644f2026-8ef5-4e42-b0b1-cbcd7eb37e75,12903831-9e02-4ac9-b30a-330369ff9753,045ec859-e428-4db6-871c-d62e942ea722
4b11af57-51ee-4386-9883-e288119faa26,c13886bc-f5d7-40ec-a6b1-0657a7eb7cb5,045ec859-e428-4db6-871c-d62e942ea722
a1f01230-89c2-4a88-a2a6-1df2461186f8,93951180-8d8d-42f5-a0e1-156757673dcb,045ec859-e428-4db6-871c-d62e942ea722
9d3c8555-cd4e-418b-9736-6da21b8f933c,48638308-c523-4303-92b6-b6793800b4ee,045ec859-e428-4db6-871c-d62e942ea722
a51d6d60-a582-4caf-bb52-a6092bd468e1,447b3598-f6b1-4b36-bfad-5058b8f09d8a,045ec859-e428-4db6-871c-d62e942ea722
818bb0a2-853c-4003-8a53-d3161bf83711,5a73b84e-26d5-4488-8af9-f3257faf3820,045ec859-e428-4db6-871c-d62e942ea722
7383409a-955a-473a-9b41-7a1fd95c028a,2ced2c79-492d-4fca-b1f7-8d860ef9081c,045ec859-e428-4db6-871c-d62e942ea722
74f96490-73df-4876-9432-2e148ed9e69d,7871909c-5b7a-46e9-8212-6e612c05cf98,045ec859-e428-4db6-871c-d62e942ea722
4dd672a2-ea2d-4ca2-a54c-2892704e6a66,ac86a81b-25f3-4d5e-b09b-a41f85e627fd,045ec859-e428-4db6-871c-d62e942ea722
adcabfbc-6bd3-4de8-b29f-6547010a0d73,0e3b8e21-65e7-4901-b2f7-6064a97dfa14,045ec859-e428-4db6-871c-d62e942ea722
1e8dd41c-56ab-431d-bb3b-96f554da6f5b,0587c08f-3653-4951-86c6-b852b7281a03,045ec859-e428-4db6-871c-d62e942ea722
837d61fe-9efe-4951-a9ee-0dbd1dccc7cf,69b9c9cd-2c1f-4c3c-bd17-a3f7b3297357,045ec859-e428-4db6-871c-d62e942ea722
27573ddc-6da3-471e-b1dd-2d23eb1b19f1,9f0fe69c-9278-4a4a-8675-a074bb85e702,045ec859-e428-4db6-871c-d62e942ea722
ea6e0231-c215-4236-b465-fdc4da2abaad,a3141112-568a-4fe2-97a3-f01ca369b7d7,045ec859-e428-4db6-871c-d62e942ea722
f607f0f9-7025-4d72-8613-431a1a1168fe,ab570bd1-dec8-4f03-9d40-6e16890954d6,045ec859-e428-4db6-871c-d62e942ea722
6a97aec3-ceeb-4d98-be06-a4a1e087cb2e,60c4313a-b74f-4759-8a04-0ad73c199b2d,045ec859-e428-4db6-871c-d62e942ea722
8a1a48cc-1483-41a5-9aa8-9b4149dd6fd6,3b264c3b-514e-4db9-bf24-6ff5f3f08b1f,045ec859-e428-4db6-871c-d62e942ea722
cd9acb1e-baad-40fc-8703-ea58074a7c68,632ba172-baac-4799-b62e-e3b6336ac8d0,045ec859-e428-4db6-871c-d62e942ea722
06f6d2c7-90de-46c0-83fc-f882906aad5c,42c74574-dea9-499a-92a7-cd1c9dcb2506,045ec859-e428-4db6-871c-d62e942ea722
b8670bfb-4435-4ddb-8a47-9dac17e5bf29,7fa33213-edd2-492e-92ce-95fa7237f2bb,045ec859-e428-4db6-871c-d62e942ea722
d9fc5b99-b978-4f2a-92be-5d5464360b72,7c965244-6dec-4221-9df0-1b775f6d1772,045ec859-e428-4db6-871c-d62e942ea722
724fb525-45ad-426f-83de-0e90103f5a00,0dab87be-bb2d-4e44-aa25-0cce447830b8,045ec859-e428-4db6-871c-d62e942ea722
ef92fbbe-31a9-43e0-9d72-e36390b778a7,5a111f54-a2b6-4dd2-b6e3-05981c3745a0,045ec859-e428-4db6-871c-d62e942ea722
3e7035eb-90bb-435d-a38d-e517cb9fbc97,5e0a65dc-efba-411d-83fb-06cd6eaf643e,045ec859-e428-4db6-871c-d62e942ea722
c9e2d40a-66c2-4beb-a323-32f80486cac4,516211bf-f115-4475-8cc8-1b415d078148,045ec859-e428-4db6-871c-d62e942ea722
18c2e837-f79a-427b-8ea5-c4ec7f8f48fa,cd7bf2fa-984b-4c0d-83c1-6e89c17271b9,045ec859-e428-4db6-871c-d62e942ea722
9213b7a4-cd26-4eca-8a45-4382bb30f6ed,b216e920-4694-4c77-a02b-99f02b0398cc,045ec859-e428-4db6-871c-d62e942ea722
c093d084-8f7c-4b09-af11-e4f8e942e4ea,e126072c-41b6-473a-b517-b86eaecec8f5,045ec859-e428-4db6-871c-d62e942ea722
48defae7-456e-45b1-bd2c-dc870ac682a4,1ccd1551-16bc-4ba4-8736-d7fd70fa15e2,045ec859-e428-4db6-871c-d62e942ea722
50d046dd-d0c5-492e-9cc1-759ee37780d7,67662fa4-d2fc-4f73-a0f5-b92da6ad4dca,045ec859-e428-4db6-871c-d62e942ea722
85c01d50-73bc-4b82-8faf-706809d30ca7,435ceced-d2ba-439b-8c47-f46b8d607edf,045ec859-e428-4db6-871c-d62e942ea722
b8a2a9a5-85f8-420b-a609-f466806954d4,e0222b71-9669-4d97-a355-ff6d02eb329e,045ec859-e428-4db6-871c-d62e942ea722
a25b7fa6-b1fb-4e28-b7b0-6ba3b2cd5500,16111ca6-25a3-4e7d-9ac4-a95df0a65a84,045ec859-e428-4db6-871c-d62e942ea722
e3e9bcc1-a04d-47ef-abc1-46054777a1fa,aef01e3f-bf46-493d-bedf-90eeee084f9d,045ec859-e428-4db6-871c-d62e942ea722
ff3848b7-eb61-4e97-b368-2a2a95c65a55,69397ce1-3287-4b65-9e23-9e2f2c681123,045ec859-e428-4db6-871c-d62e942ea722
0d8b119c-3fe4-48b7-a794-2ea0d43ac1da,31155c43-6cc7-4f38-b817-d71989b7d3e2,045ec859-e428-4db6-871c-d62e942ea722
70f5dda5-8b37-4263-811e-5d258c0ab347,46fad170-f981-4a9d-a0af-be3097479aab,045ec859-e428-4db6-871c-d62e942ea722
02cd06f5-691d-493d-b6fd-138224414c3d,96c1f80c-950b-4f70-8f27-030e40db97ed,045ec859-e428-4db6-871c-d62e942ea722
facb28cd-663a-4b25-b267-b583dada8a18,94a2afca-366c-4c15-9a69-f9a38faf1fac,045ec859-e428-4db6-871c-d62e942ea722
4f32a6e1-af60-419c-ad03-3fe9482ab46a,65abe970-7b8c-4c89-bf5c-2dd4155d20f0,045ec859-e428-4db6-871c-d62e942ea722
09edc6b8-0f3c-425d-a855-be0c1b1c32cc,f0dd20c6-f85f-4b84-80f0-288ec7b5301a,045ec859-e428-4db6-871c-d62e942ea722
688ec06e-488f-4e41-a5d4-3ca24fbcbe58,476a7dca-e1bc-4cba-8899-ae37f66b3d75,045ec859-e428-4db6-871c-d62e942ea722
58cc78a7-5153-4749-b1fb-01c56961e300,4d9d90a7-0ed4-40a6-b436-6e4d08e5d543,045ec859-e428-4db6-871c-d62e942ea722
3f881cd3-7cf9-42e5-be80-4af1ffe1921c,280ed530-4901-4386-9883-55cdf64ea6f5,045ec859-e428-4db6-871c-d62e942ea722
b95b0fff-2329-402e-9f53-597666b7dfa8,ad0167f8-ca6f-413e-a9b4-ec8aff7c93b1,045ec859-e428-4db6-871c-d62e942ea722
a7130c22-8298-41e5-869d-6840e2fdafd1,12978214-60c2-495f-ba6c-f36eb56e1bc1,045ec859-e428-4db6-871c-d62e942ea722
81d71bff-b5df-4821-b940-44f91375cc1a,3c14bac3-b11c-4b73-adea-e01ec509a032,045ec859-e428-4db6-871c-d62e942ea722
88727fca-d75d-41bd-994a-811051009faa,f96c066d-5c95-4355-904b-bd223350200a,045ec859-e428-4db6-871c-d62e942ea722
fa84c88b-12c4-4110-99b5-5ca3e3add712,4ebc0f45-99e1-4532-bc20-68f54f69be1d,045ec859-e428-4db6-871c-d62e942ea722
121446c2-39dc-4600-aeb7-021b24174c63,ca8ac09b-137e-450b-9a0f-8b0158c13573,045ec859-e428-4db6-871c-d62e942ea722
30f6d940-a904-49ab-a4fd-2942534a481f,9c8ce051-5734-48cb-aa43-d3d86322a6c8,045ec859-e428-4db6-871c-d62e942ea722
7d7a2792-67b4-4f7d-b950-e6c19cac0f34,da38cb59-568a-4c84-9ecc-e2d852db2bfb,045ec859-e428-4db6-871c-d62e942ea722
06e4405b-7e7a-471c-853c-0d14eecd0b22,0e722944-4edb-4eac-875b-91a9dd5fd2fe,045ec859-e428-4db6-871c-d62e942ea722
f69c70cb-af1c-4f23-adb0-1aab7c85ccc2,205fa93c-c5c6-409c-a92b-09609ad23ab1,045ec859-e428-4db6-871c-d62e942ea722
33f262ae-ded7-408c-b82a-f9c6380027b7,40043c46-f8fb-489d-b104-4af0e9417f6e,045ec859-e428-4db6-871c-d62e942ea722
5ff156fb-c9f2-488c-b9d4-e6c92d354569,55217fa9-e807-411f-94f3-b784d32a19d1,045ec859-e428-4db6-871c-d62e942ea722
a512260a-a4b2-45c3-ad92-d6a611e62ea8,4c548480-f065-4d57-a505-f1339ca2b378,045ec859-e428-4db6-871c-d62e942ea722
6c8498f5-5d58-48bb-a93a-b4b5aa621629,17ecd38a-d036-4138-a391-33e5ce5ea701,045ec859-e428-4db6-871c-d62e942ea722
b3e8ccb7-c722-44bb-9615-470467d80251,2b746b2f-a212-4d46-b728-a4e879711d6e,045ec859-e428-4db6-871c-d62e942ea722
b9522626-715a-4ef7-8d2c-43e70807fd41,b6720dc4-04d6-4655-a486-a3eeb6efbaca,045ec859-e428-4db6-871c-d62e942ea722
c1d06005-ac65-440a-b46a-bdc3dff371b2,f5217f98-d1a0-4d27-8080-6cb8e7c2c9cb,045ec859-e428-4db6-871c-d62e942ea722
f678124f-a96e-435a-a6ac-74f8bd029ef0,8d393474-c158-4a18-9217-9f3ec538f6dc,045ec859-e428-4db6-871c-d62e942ea722
9c04f1dd-9819-45ea-ad1e-69ecf7fa6641,4932100b-17bc-4d8f-9720-1b14077b0c9e,045ec859-e428-4db6-871c-d62e942ea722
25891f3e-fc95-4d5a-92d6-cf1b5f385f07,56b52a37-dc47-441b-93e7-8d7f10e7ddf1,045ec859-e428-4db6-871c-d62e942ea722
435d85dc-863d-4f98-93cd-c1a92811e221,6b70ec7c-02a2-4c1b-9812-e24efde8ff3a,045ec859-e428-4db6-871c-d62e942ea722
