ID,SERVICEORDER_ID,VENDOR_ID,BLOCK_ID,ACTIVITY_ID
9655a425-32fd-43c0-a0c3-6e7188ff2269,0199ce59-de5a-7ef1-93d6-8b85f18eb4b4,46a305b2-21ae-4931-8043-6bddf756b921,995eea17-9bb8-4961-897e-5ef4ab519364,f7d994e3-7d8f-40f1-8b91-cb5852ac8e1d
01f12e9f-0ae1-471a-96f5-ff04f0db067b,0199ce59-de5a-7ef1-93d6-8b85f18eb4b4,46a305b2-21ae-4931-8043-6bddf756b921,995eea17-9bb8-4961-897e-5ef4ab519364,6a478a43-a234-4ada-b263-fe14fac487b8
1aa606d1-f31f-4b1e-8c99-ffe96d17f7c6,0199ce59-de5a-7ef1-93d6-8b85f18eb4b4,46a305b2-21ae-4931-8043-6bddf756b921,995eea17-9bb8-4961-897e-5ef4ab519364,e6a71390-9740-4917-afec-4949316234b4
2e2b0a35-b8cc-49cc-8f51-5d55186c88b1,0199ce59-de5a-7ef1-93d6-8b85f18eb4b4,46a305b2-21ae-4931-8043-6bddf756b921,995eea17-9bb8-4961-897e-5ef4ab519364,67db5ef9-0510-4b47-9da6-606900c532b2
342371d8-d788-4378-a5f3-869d8efe80c3,0199ce59-de5a-7ef1-93d6-8b85f18eb4b4,46a305b2-21ae-4931-8043-6bddf756b921,995eea17-9bb8-4961-897e-5ef4ab519364,ac152b68-de8c-433c-aca4-f613fe00d68d
e4df8feb-f348-461c-af6c-124e7b5862e7,0199ce59-de5a-7ef1-93d6-8b85f18eb4b4,46a305b2-21ae-4931-8043-6bddf756b921,995eea17-9bb8-4961-897e-5ef4ab519364,aa61ea24-aadb-420c-a7d8-29325521dad4
8feb6062-fdbc-47e3-bab0-37953bac03c0,0199ce59-de5a-7ef1-93d6-8b85f18eb4b4,46a305b2-21ae-4931-8043-6bddf756b921,995eea17-9bb8-4961-897e-5ef4ab519364,1f4f15fd-6bb1-491d-9c31-ff276d016378
5e19922c-72bb-4d48-b0bb-b733559e0f47,0199ce59-de5a-7ef1-93d6-8b85f18eb4b4,46a305b2-21ae-4931-8043-6bddf756b921,995eea17-9bb8-4961-897e-5ef4ab519364,133522ed-2739-476a-81cc-d3350a165382
c764a4e6-2f4a-4b5c-98cb-f900dbc1c63d,0199ce59-de5a-7ef1-93d6-8b85f18eb4b4,46a305b2-21ae-4931-8043-6bddf756b921,995eea17-9bb8-4961-897e-5ef4ab519364,719bec76-c52d-4a7b-8a4b-ea70b2f12e76
32541581-145b-43ce-ba7d-b6cc044e2c10,0199ce59-de5a-7ef1-93d6-8b85f18eb4b4,46a305b2-21ae-4931-8043-6bddf756b921,995eea17-9bb8-4961-897e-5ef4ab519364,106b48ca-dff7-48d2-b19a-45c0e75e07ce
7695377e-e37c-4a52-8f1f-ca8e03f80a4d,0199ce59-de5a-7ef1-93d6-8b85f18eb4b4,46a305b2-21ae-4931-8043-6bddf756b921,3c38aa76-69dc-4eda-b250-1692744752fd,f7d994e3-7d8f-40f1-8b91-cb5852ac8e1d
2a8bc4af-9188-4061-a9f9-550fb4b48ede,0199ce59-de5a-7ef1-93d6-8b85f18eb4b4,46a305b2-21ae-4931-8043-6bddf756b921,3c38aa76-69dc-4eda-b250-1692744752fd,6a478a43-a234-4ada-b263-fe14fac487b8
0079e70d-4712-4b73-8bf7-52f755b021aa,0199ce59-de5a-7ef1-93d6-8b85f18eb4b4,46a305b2-21ae-4931-8043-6bddf756b921,3c38aa76-69dc-4eda-b250-1692744752fd,e6a71390-9740-4917-afec-4949316234b4
da991917-240f-46c8-9d45-55a4caf6cd11,0199ce59-de5a-7ef1-93d6-8b85f18eb4b4,46a305b2-21ae-4931-8043-6bddf756b921,3c38aa76-69dc-4eda-b250-1692744752fd,67db5ef9-0510-4b47-9da6-606900c532b2
10ef7c34-6967-4241-b109-8b617915fa54,0199ce59-de5a-7ef1-93d6-8b85f18eb4b4,46a305b2-21ae-4931-8043-6bddf756b921,3c38aa76-69dc-4eda-b250-1692744752fd,ac152b68-de8c-433c-aca4-f613fe00d68d
d5dfd36b-6ec9-4d9d-889f-e548b6ab3b25,0199ce59-de5a-7ef1-93d6-8b85f18eb4b4,46a305b2-21ae-4931-8043-6bddf756b921,3c38aa76-69dc-4eda-b250-1692744752fd,aa61ea24-aadb-420c-a7d8-29325521dad4
af7b8aa4-4b1f-43ef-9bf3-8b508552862e,0199ce59-de5a-7ef1-93d6-8b85f18eb4b4,46a305b2-21ae-4931-8043-6bddf756b921,3c38aa76-69dc-4eda-b250-1692744752fd,1f4f15fd-6bb1-491d-9c31-ff276d016378
6152a05e-e2da-440d-b335-7acb91b6f6e6,0199ce59-de5a-7ef1-93d6-8b85f18eb4b4,46a305b2-21ae-4931-8043-6bddf756b921,3c38aa76-69dc-4eda-b250-1692744752fd,133522ed-2739-476a-81cc-d3350a165382
fb69f3b7-4977-4584-95b1-e9b0963ff21a,0199ce59-de5a-7ef1-93d6-8b85f18eb4b4,46a305b2-21ae-4931-8043-6bddf756b921,3c38aa76-69dc-4eda-b250-1692744752fd,719bec76-c52d-4a7b-8a4b-ea70b2f12e76
1b2919bc-e3ad-4154-b232-856937b8b6a4,0199ce59-de5a-7ef1-93d6-8b85f18eb4b4,46a305b2-21ae-4931-8043-6bddf756b921,3c38aa76-69dc-4eda-b250-1692744752fd,106b48ca-dff7-48d2-b19a-45c0e75e07ce
181a0c84-abbe-48b3-9bb6-8b3dc602bbf8,0199ce59-de5a-7ef1-93d6-8b85f18eb4b4,46a305b2-21ae-4931-8043-6bddf756b921,f4b3ce70-be11-474e-97f3-c118163288c1,f7d994e3-7d8f-40f1-8b91-cb5852ac8e1d
99276b31-c734-4954-ac7f-e0ceb31bf8b5,0199ce59-de5a-7ef1-93d6-8b85f18eb4b4,46a305b2-21ae-4931-8043-6bddf756b921,f4b3ce70-be11-474e-97f3-c118163288c1,6a478a43-a234-4ada-b263-fe14fac487b8
57abdcf8-4e39-4f73-b51c-739062304a8f,0199ce59-de5a-7ef1-93d6-8b85f18eb4b4,46a305b2-21ae-4931-8043-6bddf756b921,f4b3ce70-be11-474e-97f3-c118163288c1,e6a71390-9740-4917-afec-4949316234b4
7deafd61-3d66-4bfb-ae88-d5751dcc27f6,0199ce59-de5a-7ef1-93d6-8b85f18eb4b4,46a305b2-21ae-4931-8043-6bddf756b921,f4b3ce70-be11-474e-97f3-c118163288c1,67db5ef9-0510-4b47-9da6-606900c532b2
edef332e-8078-4361-96c2-467861a9d0b1,0199ce59-de5a-7ef1-93d6-8b85f18eb4b4,46a305b2-21ae-4931-8043-6bddf756b921,f4b3ce70-be11-474e-97f3-c118163288c1,ac152b68-de8c-433c-aca4-f613fe00d68d
d0d29741-ec6c-4d1c-98dc-340db56941fe,0199ce59-de5a-7ef1-93d6-8b85f18eb4b4,46a305b2-21ae-4931-8043-6bddf756b921,f4b3ce70-be11-474e-97f3-c118163288c1,aa61ea24-aadb-420c-a7d8-29325521dad4
4a0d4284-aa89-45b6-a084-9619486077cd,0199ce59-de5a-7ef1-93d6-8b85f18eb4b4,46a305b2-21ae-4931-8043-6bddf756b921,f4b3ce70-be11-474e-97f3-c118163288c1,1f4f15fd-6bb1-491d-9c31-ff276d016378
0ca63372-8ce4-457b-a8f1-b0014c8f424c,0199ce59-de5a-7ef1-93d6-8b85f18eb4b4,46a305b2-21ae-4931-8043-6bddf756b921,f4b3ce70-be11-474e-97f3-c118163288c1,133522ed-2739-476a-81cc-d3350a165382
97b64aa5-42d2-4125-888f-96faeada4c1b,0199ce59-de5a-7ef1-93d6-8b85f18eb4b4,46a305b2-21ae-4931-8043-6bddf756b921,f4b3ce70-be11-474e-97f3-c118163288c1,719bec76-c52d-4a7b-8a4b-ea70b2f12e76
50f63546-9c0a-4e1f-be50-f1218583d7d2,0199ce59-de5a-7ef1-93d6-8b85f18eb4b4,46a305b2-21ae-4931-8043-6bddf756b921,f4b3ce70-be11-474e-97f3-c118163288c1,106b48ca-dff7-48d2-b19a-45c0e75e07ce
b181dec9-24cd-4b85-9dd4-427e108ef4e7,0199ce59-de5a-7ef1-93d6-8b85f18eb4b4,46a305b2-21ae-4931-8043-6bddf756b921,d002a8a2-287e-41dd-a45b-f25cb5e27542,f7d994e3-7d8f-40f1-8b91-cb5852ac8e1d
b987aa65-ffb8-4b6b-981d-37f04af2a1ed,0199ce59-de5a-7ef1-93d6-8b85f18eb4b4,46a305b2-21ae-4931-8043-6bddf756b921,d002a8a2-287e-41dd-a45b-f25cb5e27542,6a478a43-a234-4ada-b263-fe14fac487b8
308d83b0-3a7f-4185-b330-b872a33c9dbb,0199ce59-de5a-7ef1-93d6-8b85f18eb4b4,46a305b2-21ae-4931-8043-6bddf756b921,d002a8a2-287e-41dd-a45b-f25cb5e27542,e6a71390-9740-4917-afec-4949316234b4
e9ce5b0e-606b-4c4b-85d1-3082817a9ae6,0199ce59-de5a-7ef1-93d6-8b85f18eb4b4,46a305b2-21ae-4931-8043-6bddf756b921,d002a8a2-287e-41dd-a45b-f25cb5e27542,67db5ef9-0510-4b47-9da6-606900c532b2
75fe1b89-6c90-4197-b65b-c0456ee0ed0e,0199ce59-de5a-7ef1-93d6-8b85f18eb4b4,46a305b2-21ae-4931-8043-6bddf756b921,d002a8a2-287e-41dd-a45b-f25cb5e27542,ac152b68-de8c-433c-aca4-f613fe00d68d
17e0c22e-13a4-42fc-9b4e-1f8d5c1cdd42,0199ce59-de5a-7ef1-93d6-8b85f18eb4b4,46a305b2-21ae-4931-8043-6bddf756b921,d002a8a2-287e-41dd-a45b-f25cb5e27542,aa61ea24-aadb-420c-a7d8-29325521dad4
e342ebaf-12e9-4a1a-aa2d-904c0bfa1147,0199ce59-de5a-7ef1-93d6-8b85f18eb4b4,46a305b2-21ae-4931-8043-6bddf756b921,d002a8a2-287e-41dd-a45b-f25cb5e27542,1f4f15fd-6bb1-491d-9c31-ff276d016378
34e3fd3d-6bd3-4eee-ac1f-8ee3b770caae,0199ce59-de5a-7ef1-93d6-8b85f18eb4b4,46a305b2-21ae-4931-8043-6bddf756b921,d002a8a2-287e-41dd-a45b-f25cb5e27542,133522ed-2739-476a-81cc-d3350a165382
adf64c5b-e39d-490d-a3e8-38159b597b85,0199ce59-de5a-7ef1-93d6-8b85f18eb4b4,46a305b2-21ae-4931-8043-6bddf756b921,d002a8a2-287e-41dd-a45b-f25cb5e27542,719bec76-c52d-4a7b-8a4b-ea70b2f12e76
fe947fa6-9233-4d60-8682-af5f94a1f98e,0199ce59-de5a-7ef1-93d6-8b85f18eb4b4,46a305b2-21ae-4931-8043-6bddf756b921,d002a8a2-287e-41dd-a45b-f25cb5e27542,106b48ca-dff7-48d2-b19a-45c0e75e07ce
28d47ba5-317f-4a03-9a9f-316a0bc528db,0199ce59-de5a-7ef1-93d6-8b85f18eb4b4,46a305b2-21ae-4931-8043-6bddf756b921,c6f9366b-10c2-4ecb-b998-56a47fdaf936,f7d994e3-7d8f-40f1-8b91-cb5852ac8e1d
8a0a9576-fd8d-4a69-95ac-5e749c068582,0199ce59-de5a-7ef1-93d6-8b85f18eb4b4,46a305b2-21ae-4931-8043-6bddf756b921,c6f9366b-10c2-4ecb-b998-56a47fdaf936,6a478a43-a234-4ada-b263-fe14fac487b8
96f7db3d-df71-4dc3-99cc-e29bb6ce30eb,0199ce59-de5a-7ef1-93d6-8b85f18eb4b4,46a305b2-21ae-4931-8043-6bddf756b921,c6f9366b-10c2-4ecb-b998-56a47fdaf936,e6a71390-9740-4917-afec-4949316234b4
4e118d92-c777-4cec-967b-6a9d84222747,0199ce59-de5a-7ef1-93d6-8b85f18eb4b4,46a305b2-21ae-4931-8043-6bddf756b921,c6f9366b-10c2-4ecb-b998-56a47fdaf936,67db5ef9-0510-4b47-9da6-606900c532b2
cf493b50-a09a-4106-b4a8-20f521090b08,0199ce59-de5a-7ef1-93d6-8b85f18eb4b4,46a305b2-21ae-4931-8043-6bddf756b921,c6f9366b-10c2-4ecb-b998-56a47fdaf936,ac152b68-de8c-433c-aca4-f613fe00d68d
fee9733c-2e94-4e12-adfc-3bbadc249ed1,0199ce59-de5a-7ef1-93d6-8b85f18eb4b4,46a305b2-21ae-4931-8043-6bddf756b921,c6f9366b-10c2-4ecb-b998-56a47fdaf936,aa61ea24-aadb-420c-a7d8-29325521dad4
3c501013-badb-4b1f-a429-dc37433955b6,0199ce59-de5a-7ef1-93d6-8b85f18eb4b4,46a305b2-21ae-4931-8043-6bddf756b921,c6f9366b-10c2-4ecb-b998-56a47fdaf936,1f4f15fd-6bb1-491d-9c31-ff276d016378
d2fc731e-6d3d-4ea6-b61f-5bec4f936bb2,0199ce59-de5a-7ef1-93d6-8b85f18eb4b4,46a305b2-21ae-4931-8043-6bddf756b921,c6f9366b-10c2-4ecb-b998-56a47fdaf936,133522ed-2739-476a-81cc-d3350a165382
7ad2f79d-af07-480f-bf1d-a044ef9f97ef,0199ce59-de5a-7ef1-93d6-8b85f18eb4b4,46a305b2-21ae-4931-8043-6bddf756b921,c6f9366b-10c2-4ecb-b998-56a47fdaf936,719bec76-c52d-4a7b-8a4b-ea70b2f12e76
293de42d-5367-4e46-addc-16e99b979690,0199ce59-de5a-7ef1-93d6-8b85f18eb4b4,46a305b2-21ae-4931-8043-6bddf756b921,c6f9366b-10c2-4ecb-b998-56a47fdaf936,106b48ca-dff7-48d2-b19a-45c0e75e07ce
a060dfb6-8e1e-45d2-ad0b-5aca131c379c,0199ce59-de5a-7ef1-93d6-8b85f18eb4b4,46a305b2-21ae-4931-8043-6bddf756b921,d6cb1ace-6efe-4a27-95c3-747e23b9a3f0,f7d994e3-7d8f-40f1-8b91-cb5852ac8e1d
4ee14398-0c36-4f7f-af24-28ea0daee410,0199ce59-de5a-7ef1-93d6-8b85f18eb4b4,46a305b2-21ae-4931-8043-6bddf756b921,d6cb1ace-6efe-4a27-95c3-747e23b9a3f0,6a478a43-a234-4ada-b263-fe14fac487b8
9c229401-f31f-44e0-ab62-9d1c69a8d011,0199ce59-de5a-7ef1-93d6-8b85f18eb4b4,46a305b2-21ae-4931-8043-6bddf756b921,d6cb1ace-6efe-4a27-95c3-747e23b9a3f0,e6a71390-9740-4917-afec-4949316234b4
7ff0adea-28c0-4b55-a10d-32ebc5c6fcb7,0199ce59-de5a-7ef1-93d6-8b85f18eb4b4,46a305b2-21ae-4931-8043-6bddf756b921,d6cb1ace-6efe-4a27-95c3-747e23b9a3f0,67db5ef9-0510-4b47-9da6-606900c532b2
8b1bfe40-f35c-44f6-85c4-f29d05555154,0199ce59-de5a-7ef1-93d6-8b85f18eb4b4,46a305b2-21ae-4931-8043-6bddf756b921,d6cb1ace-6efe-4a27-95c3-747e23b9a3f0,ac152b68-de8c-433c-aca4-f613fe00d68d
e03d08c6-8c52-4b3d-9fec-24f3c8172492,0199ce59-de5a-7ef1-93d6-8b85f18eb4b4,46a305b2-21ae-4931-8043-6bddf756b921,d6cb1ace-6efe-4a27-95c3-747e23b9a3f0,aa61ea24-aadb-420c-a7d8-29325521dad4
b1b8db87-7fc5-4f2d-b6c5-e11f221d7c20,0199ce59-de5a-7ef1-93d6-8b85f18eb4b4,46a305b2-21ae-4931-8043-6bddf756b921,d6cb1ace-6efe-4a27-95c3-747e23b9a3f0,1f4f15fd-6bb1-491d-9c31-ff276d016378
91edffd4-cdfb-4264-9b42-c56a22ad07c2,0199ce59-de5a-7ef1-93d6-8b85f18eb4b4,46a305b2-21ae-4931-8043-6bddf756b921,d6cb1ace-6efe-4a27-95c3-747e23b9a3f0,133522ed-2739-476a-81cc-d3350a165382
47ff079c-108d-42c3-a2ba-47952ccc4410,0199ce59-de5a-7ef1-93d6-8b85f18eb4b4,46a305b2-21ae-4931-8043-6bddf756b921,d6cb1ace-6efe-4a27-95c3-747e23b9a3f0,719bec76-c52d-4a7b-8a4b-ea70b2f12e76
b8f21b10-b88b-419d-bbad-425ff98f5d57,0199ce59-de5a-7ef1-93d6-8b85f18eb4b4,46a305b2-21ae-4931-8043-6bddf756b921,d6cb1ace-6efe-4a27-95c3-747e23b9a3f0,106b48ca-dff7-48d2-b19a-45c0e75e07ce
1ccfad9f-7e93-4c5b-91d3-34afcde6fc45,0199ce59-de5a-7ef1-93d6-8b85f18eb4b4,46a305b2-21ae-4931-8043-6bddf756b921,251478ad-322f-4c42-8773-145abb1d767e,f7d994e3-7d8f-40f1-8b91-cb5852ac8e1d
0c6c1685-2dfd-4977-afc7-7321ff4eaa89,0199ce59-de5a-7ef1-93d6-8b85f18eb4b4,46a305b2-21ae-4931-8043-6bddf756b921,251478ad-322f-4c42-8773-145abb1d767e,6a478a43-a234-4ada-b263-fe14fac487b8
5262f4db-1121-47a9-8b74-438825def08a,0199ce59-de5a-7ef1-93d6-8b85f18eb4b4,46a305b2-21ae-4931-8043-6bddf756b921,251478ad-322f-4c42-8773-145abb1d767e,e6a71390-9740-4917-afec-4949316234b4
0dcbf648-0233-4588-91e0-7c66ffddb954,0199ce59-de5a-7ef1-93d6-8b85f18eb4b4,46a305b2-21ae-4931-8043-6bddf756b921,251478ad-322f-4c42-8773-145abb1d767e,67db5ef9-0510-4b47-9da6-606900c532b2
5c183c76-f62a-49fd-a59b-1ea10f3a50a9,0199ce59-de5a-7ef1-93d6-8b85f18eb4b4,46a305b2-21ae-4931-8043-6bddf756b921,251478ad-322f-4c42-8773-145abb1d767e,ac152b68-de8c-433c-aca4-f613fe00d68d
42286546-f823-4e62-a8e5-d9d7724e5700,0199ce59-de5a-7ef1-93d6-8b85f18eb4b4,46a305b2-21ae-4931-8043-6bddf756b921,251478ad-322f-4c42-8773-145abb1d767e,aa61ea24-aadb-420c-a7d8-29325521dad4
18efbcba-bfa3-4a83-bbeb-1fa134650d98,0199ce59-de5a-7ef1-93d6-8b85f18eb4b4,46a305b2-21ae-4931-8043-6bddf756b921,251478ad-322f-4c42-8773-145abb1d767e,1f4f15fd-6bb1-491d-9c31-ff276d016378
6a964526-a32c-45cc-93eb-1462aa68ec07,0199ce59-de5a-7ef1-93d6-8b85f18eb4b4,46a305b2-21ae-4931-8043-6bddf756b921,251478ad-322f-4c42-8773-145abb1d767e,133522ed-2739-476a-81cc-d3350a165382
44db1e03-ecdb-46ce-aa65-cd0a66684944,0199ce59-de5a-7ef1-93d6-8b85f18eb4b4,46a305b2-21ae-4931-8043-6bddf756b921,251478ad-322f-4c42-8773-145abb1d767e,719bec76-c52d-4a7b-8a4b-ea70b2f12e76
ba751dfb-c208-44dd-8a38-cab594f45635,0199ce59-de5a-7ef1-93d6-8b85f18eb4b4,46a305b2-21ae-4931-8043-6bddf756b921,251478ad-322f-4c42-8773-145abb1d767e,106b48ca-dff7-48d2-b19a-45c0e75e07ce
26d15f64-0357-439c-948b-11d46dec49c6,0199ce59-de5a-7ef1-93d6-8b85f18eb4b4,46a305b2-21ae-4931-8043-6bddf756b921,26480f93-50b5-49ad-91c5-922fccc01f99,f7d994e3-7d8f-40f1-8b91-cb5852ac8e1d
091f0db3-7b0e-4941-ae9b-43161ce6038f,0199ce59-de5a-7ef1-93d6-8b85f18eb4b4,46a305b2-21ae-4931-8043-6bddf756b921,26480f93-50b5-49ad-91c5-922fccc01f99,6a478a43-a234-4ada-b263-fe14fac487b8
63aae12e-3e90-4e2c-b43f-9496c5755157,0199ce59-de5a-7ef1-93d6-8b85f18eb4b4,46a305b2-21ae-4931-8043-6bddf756b921,26480f93-50b5-49ad-91c5-922fccc01f99,e6a71390-9740-4917-afec-4949316234b4
b282b4b2-8b1d-4965-9e15-6798ce1739f4,0199ce59-de5a-7ef1-93d6-8b85f18eb4b4,46a305b2-21ae-4931-8043-6bddf756b921,26480f93-50b5-49ad-91c5-922fccc01f99,67db5ef9-0510-4b47-9da6-606900c532b2
f058de90-555e-4485-9e9b-ee0bcb654bef,0199ce59-de5a-7ef1-93d6-8b85f18eb4b4,46a305b2-21ae-4931-8043-6bddf756b921,26480f93-50b5-49ad-91c5-922fccc01f99,ac152b68-de8c-433c-aca4-f613fe00d68d
8d4d7799-6fc8-4830-8a5c-ee12d77a9354,0199ce59-de5a-7ef1-93d6-8b85f18eb4b4,46a305b2-21ae-4931-8043-6bddf756b921,26480f93-50b5-49ad-91c5-922fccc01f99,aa61ea24-aadb-420c-a7d8-29325521dad4
b90751e1-cdbc-4177-b6a5-77dcac616808,0199ce59-de5a-7ef1-93d6-8b85f18eb4b4,46a305b2-21ae-4931-8043-6bddf756b921,26480f93-50b5-49ad-91c5-922fccc01f99,1f4f15fd-6bb1-491d-9c31-ff276d016378
e4f7b870-104d-4734-826f-938d002d4f7f,0199ce59-de5a-7ef1-93d6-8b85f18eb4b4,46a305b2-21ae-4931-8043-6bddf756b921,26480f93-50b5-49ad-91c5-922fccc01f99,133522ed-2739-476a-81cc-d3350a165382
ac657d19-f53d-4c65-b9b5-f335a8411473,0199ce59-de5a-7ef1-93d6-8b85f18eb4b4,46a305b2-21ae-4931-8043-6bddf756b921,26480f93-50b5-49ad-91c5-922fccc01f99,719bec76-c52d-4a7b-8a4b-ea70b2f12e76
d3328b5b-a4d1-4fd7-90b8-234861a27674,0199ce59-de5a-7ef1-93d6-8b85f18eb4b4,46a305b2-21ae-4931-8043-6bddf756b921,26480f93-50b5-49ad-91c5-922fccc01f99,106b48ca-dff7-48d2-b19a-45c0e75e07ce
e2ced146-4a08-4719-b15e-82a197924fab,0199ce59-de5a-7ef1-93d6-8b85f18eb4b4,46a305b2-21ae-4931-8043-6bddf756b921,694fc529-569a-4af1-9335-c170366e53a5,f7d994e3-7d8f-40f1-8b91-cb5852ac8e1d
cda1a2a7-ee75-4e83-8ca8-e52786101d3b,0199ce59-de5a-7ef1-93d6-8b85f18eb4b4,46a305b2-21ae-4931-8043-6bddf756b921,694fc529-569a-4af1-9335-c170366e53a5,6a478a43-a234-4ada-b263-fe14fac487b8
6bfbbb44-1ea9-4c73-a3bb-bc14ad590473,0199ce59-de5a-7ef1-93d6-8b85f18eb4b4,46a305b2-21ae-4931-8043-6bddf756b921,694fc529-569a-4af1-9335-c170366e53a5,e6a71390-9740-4917-afec-4949316234b4
270f4865-a85e-423b-b3a1-9c4aec4d49bc,0199ce59-de5a-7ef1-93d6-8b85f18eb4b4,46a305b2-21ae-4931-8043-6bddf756b921,694fc529-569a-4af1-9335-c170366e53a5,67db5ef9-0510-4b47-9da6-606900c532b2
234329b1-fff3-4873-9b71-29aa5bf7fd21,0199ce59-de5a-7ef1-93d6-8b85f18eb4b4,46a305b2-21ae-4931-8043-6bddf756b921,694fc529-569a-4af1-9335-c170366e53a5,ac152b68-de8c-433c-aca4-f613fe00d68d
190d25c2-b4a4-4fae-bd91-b3c688b044e3,0199ce59-de5a-7ef1-93d6-8b85f18eb4b4,46a305b2-21ae-4931-8043-6bddf756b921,694fc529-569a-4af1-9335-c170366e53a5,aa61ea24-aadb-420c-a7d8-29325521dad4
47e61822-ef97-4041-a04b-31a846fabb39,0199ce59-de5a-7ef1-93d6-8b85f18eb4b4,46a305b2-21ae-4931-8043-6bddf756b921,694fc529-569a-4af1-9335-c170366e53a5,1f4f15fd-6bb1-491d-9c31-ff276d016378
efe36e6b-d3ec-40a0-b778-40882df6600c,0199ce59-de5a-7ef1-93d6-8b85f18eb4b4,46a305b2-21ae-4931-8043-6bddf756b921,694fc529-569a-4af1-9335-c170366e53a5,133522ed-2739-476a-81cc-d3350a165382
e512f8d1-6ab0-4beb-97e3-db9f599a9497,0199ce59-de5a-7ef1-93d6-8b85f18eb4b4,46a305b2-21ae-4931-8043-6bddf756b921,694fc529-569a-4af1-9335-c170366e53a5,719bec76-c52d-4a7b-8a4b-ea70b2f12e76
4b641210-1b3e-4730-8ec1-3e4e838de6c3,0199ce59-de5a-7ef1-93d6-8b85f18eb4b4,46a305b2-21ae-4931-8043-6bddf756b921,694fc529-569a-4af1-9335-c170366e53a5,106b48ca-dff7-48d2-b19a-45c0e75e07ce
566ee1c8-8584-4a6f-9501-51540c1968f9,0199ce59-de5a-7ef1-93d6-8b85f18eb4b4,46a305b2-21ae-4931-8043-6bddf756b921,938c3032-8d91-4dac-927b-5d647b36ebd8,f7d994e3-7d8f-40f1-8b91-cb5852ac8e1d
38b86419-7ce7-4ff6-b3de-feb309c1036e,0199ce59-de5a-7ef1-93d6-8b85f18eb4b4,46a305b2-21ae-4931-8043-6bddf756b921,938c3032-8d91-4dac-927b-5d647b36ebd8,6a478a43-a234-4ada-b263-fe14fac487b8
0de1c656-b59e-450d-89a9-f1254d31eb71,0199ce59-de5a-7ef1-93d6-8b85f18eb4b4,46a305b2-21ae-4931-8043-6bddf756b921,938c3032-8d91-4dac-927b-5d647b36ebd8,e6a71390-9740-4917-afec-4949316234b4
585a9170-980e-4c37-b7eb-ff99bc6b8ee2,0199ce59-de5a-7ef1-93d6-8b85f18eb4b4,46a305b2-21ae-4931-8043-6bddf756b921,938c3032-8d91-4dac-927b-5d647b36ebd8,67db5ef9-0510-4b47-9da6-606900c532b2
d808e4e9-48dc-4230-98a8-93602dc5a9be,0199ce59-de5a-7ef1-93d6-8b85f18eb4b4,46a305b2-21ae-4931-8043-6bddf756b921,938c3032-8d91-4dac-927b-5d647b36ebd8,ac152b68-de8c-433c-aca4-f613fe00d68d
12f3584b-e71e-423c-ae5a-9e19c62baac0,0199ce59-de5a-7ef1-93d6-8b85f18eb4b4,46a305b2-21ae-4931-8043-6bddf756b921,938c3032-8d91-4dac-927b-5d647b36ebd8,aa61ea24-aadb-420c-a7d8-29325521dad4
0ca7529f-8ec0-4c11-8627-b0af76348a60,0199ce59-de5a-7ef1-93d6-8b85f18eb4b4,46a305b2-21ae-4931-8043-6bddf756b921,938c3032-8d91-4dac-927b-5d647b36ebd8,1f4f15fd-6bb1-491d-9c31-ff276d016378
646819ca-60ab-4aae-ab9c-f41e1829bd32,0199ce59-de5a-7ef1-93d6-8b85f18eb4b4,46a305b2-21ae-4931-8043-6bddf756b921,938c3032-8d91-4dac-927b-5d647b36ebd8,133522ed-2739-476a-81cc-d3350a165382
59156f17-2d25-42ce-bac9-c75f321dd99a,0199ce59-de5a-7ef1-93d6-8b85f18eb4b4,46a305b2-21ae-4931-8043-6bddf756b921,938c3032-8d91-4dac-927b-5d647b36ebd8,719bec76-c52d-4a7b-8a4b-ea70b2f12e76
e3697680-4d6c-41b4-b531-4abbcf109d32,0199ce59-de5a-7ef1-93d6-8b85f18eb4b4,46a305b2-21ae-4931-8043-6bddf756b921,938c3032-8d91-4dac-927b-5d647b36ebd8,106b48ca-dff7-48d2-b19a-45c0e75e07ce
4a13b328-7b1f-4f56-b40e-a6fe0731b1f1,0199ce59-de5a-7ef1-93d6-8b85f18eb4b4,46a305b2-21ae-4931-8043-6bddf756b921,c6500c53-405d-4b2d-a029-6f3ed353e803,f7d994e3-7d8f-40f1-8b91-cb5852ac8e1d
c04b122c-1f58-43af-a8ca-02af4c7abfa5,0199ce59-de5a-7ef1-93d6-8b85f18eb4b4,46a305b2-21ae-4931-8043-6bddf756b921,c6500c53-405d-4b2d-a029-6f3ed353e803,6a478a43-a234-4ada-b263-fe14fac487b8
1640aaa1-af87-4951-bf90-2229380c272b,0199ce59-de5a-7ef1-93d6-8b85f18eb4b4,46a305b2-21ae-4931-8043-6bddf756b921,c6500c53-405d-4b2d-a029-6f3ed353e803,e6a71390-9740-4917-afec-4949316234b4
8c7a6b58-8700-4e2f-95b0-c489468d4d20,0199ce59-de5a-7ef1-93d6-8b85f18eb4b4,46a305b2-21ae-4931-8043-6bddf756b921,c6500c53-405d-4b2d-a029-6f3ed353e803,67db5ef9-0510-4b47-9da6-606900c532b2
ec21e606-1ff4-4ec7-a324-c6d03abc2eec,0199ce59-de5a-7ef1-93d6-8b85f18eb4b4,46a305b2-21ae-4931-8043-6bddf756b921,c6500c53-405d-4b2d-a029-6f3ed353e803,ac152b68-de8c-433c-aca4-f613fe00d68d
0476b07a-d9ce-43b5-ae5b-1cad3da9f8e2,0199ce59-de5a-7ef1-93d6-8b85f18eb4b4,46a305b2-21ae-4931-8043-6bddf756b921,c6500c53-405d-4b2d-a029-6f3ed353e803,aa61ea24-aadb-420c-a7d8-29325521dad4
ae3367c6-5499-4744-8015-7d548fa56674,0199ce59-de5a-7ef1-93d6-8b85f18eb4b4,46a305b2-21ae-4931-8043-6bddf756b921,c6500c53-405d-4b2d-a029-6f3ed353e803,1f4f15fd-6bb1-491d-9c31-ff276d016378
d51faa57-68e0-4a24-8f9c-d298c4b491d7,0199ce59-de5a-7ef1-93d6-8b85f18eb4b4,46a305b2-21ae-4931-8043-6bddf756b921,c6500c53-405d-4b2d-a029-6f3ed353e803,133522ed-2739-476a-81cc-d3350a165382
299b2cbd-398b-4460-88dc-ba4d4d4998ef,0199ce59-de5a-7ef1-93d6-8b85f18eb4b4,46a305b2-21ae-4931-8043-6bddf756b921,c6500c53-405d-4b2d-a029-6f3ed353e803,719bec76-c52d-4a7b-8a4b-ea70b2f12e76
a220f68e-bc63-44a7-8fe6-af4a29077334,0199ce59-de5a-7ef1-93d6-8b85f18eb4b4,46a305b2-21ae-4931-8043-6bddf756b921,c6500c53-405d-4b2d-a029-6f3ed353e803,106b48ca-dff7-48d2-b19a-45c0e75e07ce
5f1fb176-886f-4206-a2dd-f50a39dac08d,0199ce59-de5a-7ef1-93d6-8b85f18eb4b4,46a305b2-21ae-4931-8043-6bddf756b921,b529a7dc-1e0b-4b58-8d33-e321d4d366a9,f7d994e3-7d8f-40f1-8b91-cb5852ac8e1d
9eb7330e-6854-439a-81d6-e8c15e55169b,0199ce59-de5a-7ef1-93d6-8b85f18eb4b4,46a305b2-21ae-4931-8043-6bddf756b921,b529a7dc-1e0b-4b58-8d33-e321d4d366a9,6a478a43-a234-4ada-b263-fe14fac487b8
87a5b953-9613-442f-9789-bb42e1c7d4d5,0199ce59-de5a-7ef1-93d6-8b85f18eb4b4,46a305b2-21ae-4931-8043-6bddf756b921,b529a7dc-1e0b-4b58-8d33-e321d4d366a9,e6a71390-9740-4917-afec-4949316234b4
02200b99-77ff-4923-8d44-ed1f3302a564,0199ce59-de5a-7ef1-93d6-8b85f18eb4b4,46a305b2-21ae-4931-8043-6bddf756b921,b529a7dc-1e0b-4b58-8d33-e321d4d366a9,67db5ef9-0510-4b47-9da6-606900c532b2
2e4de59d-3f5a-4f40-9a2f-22d0c1d8f91f,0199ce59-de5a-7ef1-93d6-8b85f18eb4b4,46a305b2-21ae-4931-8043-6bddf756b921,b529a7dc-1e0b-4b58-8d33-e321d4d366a9,ac152b68-de8c-433c-aca4-f613fe00d68d
2a2b7878-0eb5-40d0-85cd-77da37a43964,0199ce59-de5a-7ef1-93d6-8b85f18eb4b4,46a305b2-21ae-4931-8043-6bddf756b921,b529a7dc-1e0b-4b58-8d33-e321d4d366a9,aa61ea24-aadb-420c-a7d8-29325521dad4
c61dd9a5-dccd-4917-b186-2af691da84af,0199ce59-de5a-7ef1-93d6-8b85f18eb4b4,46a305b2-21ae-4931-8043-6bddf756b921,b529a7dc-1e0b-4b58-8d33-e321d4d366a9,1f4f15fd-6bb1-491d-9c31-ff276d016378
7151750d-75c3-48e2-bca1-ffaa7a2cb943,0199ce59-de5a-7ef1-93d6-8b85f18eb4b4,46a305b2-21ae-4931-8043-6bddf756b921,b529a7dc-1e0b-4b58-8d33-e321d4d366a9,133522ed-2739-476a-81cc-d3350a165382
88fc30cf-fd58-4007-9891-e66514fadf89,0199ce59-de5a-7ef1-93d6-8b85f18eb4b4,46a305b2-21ae-4931-8043-6bddf756b921,b529a7dc-1e0b-4b58-8d33-e321d4d366a9,719bec76-c52d-4a7b-8a4b-ea70b2f12e76
89fcf322-ee28-4733-a7e2-61a02b187614,0199ce59-de5a-7ef1-93d6-8b85f18eb4b4,46a305b2-21ae-4931-8043-6bddf756b921,b529a7dc-1e0b-4b58-8d33-e321d4d366a9,106b48ca-dff7-48d2-b19a-45c0e75e07ce
0781c0f4-eefa-4d5e-ba39-da0533ae5fb0,0199ce59-de5a-7ef1-93d6-8b85f18eb4b4,46a305b2-21ae-4931-8043-6bddf756b921,4e707099-448c-4b59-b37d-f4384012004a,f7d994e3-7d8f-40f1-8b91-cb5852ac8e1d
a37c75b1-cb40-49f2-aa8f-14f9e3cf83d2,0199ce59-de5a-7ef1-93d6-8b85f18eb4b4,46a305b2-21ae-4931-8043-6bddf756b921,4e707099-448c-4b59-b37d-f4384012004a,6a478a43-a234-4ada-b263-fe14fac487b8
72f8ea8f-38d1-4aa6-9abd-2d9e05b39c6b,0199ce59-de5a-7ef1-93d6-8b85f18eb4b4,46a305b2-21ae-4931-8043-6bddf756b921,4e707099-448c-4b59-b37d-f4384012004a,e6a71390-9740-4917-afec-4949316234b4
d8fb0bd2-0872-4b2b-b80d-141675291771,0199ce59-de5a-7ef1-93d6-8b85f18eb4b4,46a305b2-21ae-4931-8043-6bddf756b921,4e707099-448c-4b59-b37d-f4384012004a,67db5ef9-0510-4b47-9da6-606900c532b2
7f982389-0f11-485e-ab14-1eb9a45c2c7a,0199ce59-de5a-7ef1-93d6-8b85f18eb4b4,46a305b2-21ae-4931-8043-6bddf756b921,4e707099-448c-4b59-b37d-f4384012004a,ac152b68-de8c-433c-aca4-f613fe00d68d
8927c93e-778a-4e8d-ab41-5e2e321c1814,0199ce59-de5a-7ef1-93d6-8b85f18eb4b4,46a305b2-21ae-4931-8043-6bddf756b921,4e707099-448c-4b59-b37d-f4384012004a,aa61ea24-aadb-420c-a7d8-29325521dad4
1edc621d-19e6-454e-a373-369eff6ff783,0199ce59-de5a-7ef1-93d6-8b85f18eb4b4,46a305b2-21ae-4931-8043-6bddf756b921,4e707099-448c-4b59-b37d-f4384012004a,1f4f15fd-6bb1-491d-9c31-ff276d016378
e37b2e1c-8746-40a0-8e59-a60c335b8aca,0199ce59-de5a-7ef1-93d6-8b85f18eb4b4,46a305b2-21ae-4931-8043-6bddf756b921,4e707099-448c-4b59-b37d-f4384012004a,133522ed-2739-476a-81cc-d3350a165382
d6c3d170-3cf3-4d93-8be2-705c25bd1ca6,0199ce59-de5a-7ef1-93d6-8b85f18eb4b4,46a305b2-21ae-4931-8043-6bddf756b921,4e707099-448c-4b59-b37d-f4384012004a,719bec76-c52d-4a7b-8a4b-ea70b2f12e76
7dd02344-a124-44ad-8236-793711abb192,0199ce59-de5a-7ef1-93d6-8b85f18eb4b4,46a305b2-21ae-4931-8043-6bddf756b921,4e707099-448c-4b59-b37d-f4384012004a,106b48ca-dff7-48d2-b19a-45c0e75e07ce
6d9c66d1-d429-4450-8b3e-1bb12bf829e7,0199ce59-de5a-7ef1-93d6-8b85f18eb4b4,46a305b2-21ae-4931-8043-6bddf756b921,83c99100-c4cf-40ec-832b-b569889a071d,f7d994e3-7d8f-40f1-8b91-cb5852ac8e1d
e3fa46e5-cb0e-4b10-b0ab-b6c3574251df,0199ce59-de5a-7ef1-93d6-8b85f18eb4b4,46a305b2-21ae-4931-8043-6bddf756b921,83c99100-c4cf-40ec-832b-b569889a071d,6a478a43-a234-4ada-b263-fe14fac487b8
38a43592-d020-45cb-98c1-bcac0d2746f4,0199ce59-de5a-7ef1-93d6-8b85f18eb4b4,46a305b2-21ae-4931-8043-6bddf756b921,83c99100-c4cf-40ec-832b-b569889a071d,e6a71390-9740-4917-afec-4949316234b4
a5f9c6ed-1505-4cc9-b51b-af84c58ea0d3,0199ce59-de5a-7ef1-93d6-8b85f18eb4b4,46a305b2-21ae-4931-8043-6bddf756b921,83c99100-c4cf-40ec-832b-b569889a071d,67db5ef9-0510-4b47-9da6-606900c532b2
e27a2765-9791-4203-a375-1a781199214a,0199ce59-de5a-7ef1-93d6-8b85f18eb4b4,46a305b2-21ae-4931-8043-6bddf756b921,83c99100-c4cf-40ec-832b-b569889a071d,ac152b68-de8c-433c-aca4-f613fe00d68d
38bf9ea4-f7b4-438f-af16-4fd104f4cd93,0199ce59-de5a-7ef1-93d6-8b85f18eb4b4,46a305b2-21ae-4931-8043-6bddf756b921,83c99100-c4cf-40ec-832b-b569889a071d,aa61ea24-aadb-420c-a7d8-29325521dad4
2a164f3b-27c8-477b-a293-4f19fc468f7b,0199ce59-de5a-7ef1-93d6-8b85f18eb4b4,46a305b2-21ae-4931-8043-6bddf756b921,83c99100-c4cf-40ec-832b-b569889a071d,1f4f15fd-6bb1-491d-9c31-ff276d016378
7c272e01-ca82-41c1-9858-fec0588e5db0,0199ce59-de5a-7ef1-93d6-8b85f18eb4b4,46a305b2-21ae-4931-8043-6bddf756b921,83c99100-c4cf-40ec-832b-b569889a071d,133522ed-2739-476a-81cc-d3350a165382
f0a14477-362e-49d0-af6d-11cbfde38949,0199ce59-de5a-7ef1-93d6-8b85f18eb4b4,46a305b2-21ae-4931-8043-6bddf756b921,83c99100-c4cf-40ec-832b-b569889a071d,719bec76-c52d-4a7b-8a4b-ea70b2f12e76
ff08fcd6-3fbd-4128-9182-e1774b026fbb,0199ce59-de5a-7ef1-93d6-8b85f18eb4b4,46a305b2-21ae-4931-8043-6bddf756b921,83c99100-c4cf-40ec-832b-b569889a071d,106b48ca-dff7-48d2-b19a-45c0e75e07ce
6a1747dd-9496-4327-ba38-d2846a0a0331,0199ce59-de5a-7ef1-93d6-8b85f18eb4b4,46a305b2-21ae-4931-8043-6bddf756b921,e53522ef-7da9-407e-a308-0c8bc2ee32d3,f7d994e3-7d8f-40f1-8b91-cb5852ac8e1d
c760fcb8-a006-494d-899e-2d154355dd4f,0199ce59-de5a-7ef1-93d6-8b85f18eb4b4,46a305b2-21ae-4931-8043-6bddf756b921,e53522ef-7da9-407e-a308-0c8bc2ee32d3,6a478a43-a234-4ada-b263-fe14fac487b8
605c5f31-f2fc-478d-91a7-79c12c31c31e,0199ce59-de5a-7ef1-93d6-8b85f18eb4b4,46a305b2-21ae-4931-8043-6bddf756b921,e53522ef-7da9-407e-a308-0c8bc2ee32d3,e6a71390-9740-4917-afec-4949316234b4
4a01dd73-d0c3-4c1f-bc88-67c533b19f3e,0199ce59-de5a-7ef1-93d6-8b85f18eb4b4,46a305b2-21ae-4931-8043-6bddf756b921,e53522ef-7da9-407e-a308-0c8bc2ee32d3,67db5ef9-0510-4b47-9da6-606900c532b2
cc0163f1-6b82-4468-a3e5-09827bc233a7,0199ce59-de5a-7ef1-93d6-8b85f18eb4b4,46a305b2-21ae-4931-8043-6bddf756b921,e53522ef-7da9-407e-a308-0c8bc2ee32d3,ac152b68-de8c-433c-aca4-f613fe00d68d
b5759396-1f8e-4681-a8ff-ae88ad85ac4c,0199ce59-de5a-7ef1-93d6-8b85f18eb4b4,46a305b2-21ae-4931-8043-6bddf756b921,e53522ef-7da9-407e-a308-0c8bc2ee32d3,aa61ea24-aadb-420c-a7d8-29325521dad4
a52d566f-6f87-45a7-8752-1e5f6ee811c0,0199ce59-de5a-7ef1-93d6-8b85f18eb4b4,46a305b2-21ae-4931-8043-6bddf756b921,e53522ef-7da9-407e-a308-0c8bc2ee32d3,1f4f15fd-6bb1-491d-9c31-ff276d016378
8f80ac11-5645-4fa9-9dc4-7dedaea60764,0199ce59-de5a-7ef1-93d6-8b85f18eb4b4,46a305b2-21ae-4931-8043-6bddf756b921,e53522ef-7da9-407e-a308-0c8bc2ee32d3,133522ed-2739-476a-81cc-d3350a165382
815952d8-878a-4d55-b0f9-7a258e0413de,0199ce59-de5a-7ef1-93d6-8b85f18eb4b4,46a305b2-21ae-4931-8043-6bddf756b921,e53522ef-7da9-407e-a308-0c8bc2ee32d3,719bec76-c52d-4a7b-8a4b-ea70b2f12e76
a51fb950-e9cd-40f8-adca-b609473aaaf1,0199ce59-de5a-7ef1-93d6-8b85f18eb4b4,46a305b2-21ae-4931-8043-6bddf756b921,e53522ef-7da9-407e-a308-0c8bc2ee32d3,106b48ca-dff7-48d2-b19a-45c0e75e07ce
e0115f1a-12ff-4273-a6a8-f1dbdb7ad6a5,0199ce59-de5a-7ef1-93d6-8b85f18eb4b4,46a305b2-21ae-4931-8043-6bddf756b921,81836b07-357f-4ea0-972f-5c588682f8a8,f7d994e3-7d8f-40f1-8b91-cb5852ac8e1d
d79f814a-8193-4e81-8163-57f18c08eec4,0199ce59-de5a-7ef1-93d6-8b85f18eb4b4,46a305b2-21ae-4931-8043-6bddf756b921,81836b07-357f-4ea0-972f-5c588682f8a8,6a478a43-a234-4ada-b263-fe14fac487b8
48fa9517-2881-4c6d-addb-a962b36ae68a,0199ce59-de5a-7ef1-93d6-8b85f18eb4b4,46a305b2-21ae-4931-8043-6bddf756b921,81836b07-357f-4ea0-972f-5c588682f8a8,e6a71390-9740-4917-afec-4949316234b4
023350c8-9ba7-4c6b-9788-5e43ffd01744,0199ce59-de5a-7ef1-93d6-8b85f18eb4b4,46a305b2-21ae-4931-8043-6bddf756b921,81836b07-357f-4ea0-972f-5c588682f8a8,67db5ef9-0510-4b47-9da6-606900c532b2
68942e1f-9cfc-426d-ad0b-0dd943b63ce3,0199ce59-de5a-7ef1-93d6-8b85f18eb4b4,46a305b2-21ae-4931-8043-6bddf756b921,81836b07-357f-4ea0-972f-5c588682f8a8,ac152b68-de8c-433c-aca4-f613fe00d68d
6c17471d-5b40-4151-87cc-26734c7c714a,0199ce59-de5a-7ef1-93d6-8b85f18eb4b4,46a305b2-21ae-4931-8043-6bddf756b921,81836b07-357f-4ea0-972f-5c588682f8a8,aa61ea24-aadb-420c-a7d8-29325521dad4
4d2fc9f5-7ee1-4da7-9891-3d0c4d30a3d0,0199ce59-de5a-7ef1-93d6-8b85f18eb4b4,46a305b2-21ae-4931-8043-6bddf756b921,81836b07-357f-4ea0-972f-5c588682f8a8,1f4f15fd-6bb1-491d-9c31-ff276d016378
e48c79e4-e1b1-4a6c-a85d-235bfa92020a,0199ce59-de5a-7ef1-93d6-8b85f18eb4b4,46a305b2-21ae-4931-8043-6bddf756b921,81836b07-357f-4ea0-972f-5c588682f8a8,133522ed-2739-476a-81cc-d3350a165382
58513d07-3776-4ff7-b573-e28b8499cc35,0199ce59-de5a-7ef1-93d6-8b85f18eb4b4,46a305b2-21ae-4931-8043-6bddf756b921,81836b07-357f-4ea0-972f-5c588682f8a8,719bec76-c52d-4a7b-8a4b-ea70b2f12e76
30ba6130-72b8-4280-838c-a6e5e66a01ce,0199ce59-de5a-7ef1-93d6-8b85f18eb4b4,46a305b2-21ae-4931-8043-6bddf756b921,81836b07-357f-4ea0-972f-5c588682f8a8,106b48ca-dff7-48d2-b19a-45c0e75e07ce
6d509ce7-00a2-4fa7-a12a-91c27d05a4b9,0199ce59-de5a-7ef1-93d6-8b85f18eb4b4,46a305b2-21ae-4931-8043-6bddf756b921,bf3dcb33-189d-46e2-8423-7c59a9d4ca4b,f7d994e3-7d8f-40f1-8b91-cb5852ac8e1d
211d71e1-2313-4042-9746-e89c3ea888cf,0199ce59-de5a-7ef1-93d6-8b85f18eb4b4,46a305b2-21ae-4931-8043-6bddf756b921,bf3dcb33-189d-46e2-8423-7c59a9d4ca4b,6a478a43-a234-4ada-b263-fe14fac487b8
6441f8a2-bce8-4e8f-9449-042791c2f700,0199ce59-de5a-7ef1-93d6-8b85f18eb4b4,46a305b2-21ae-4931-8043-6bddf756b921,bf3dcb33-189d-46e2-8423-7c59a9d4ca4b,e6a71390-9740-4917-afec-4949316234b4
83704002-5c0b-4d79-98b5-5458803c5022,0199ce59-de5a-7ef1-93d6-8b85f18eb4b4,46a305b2-21ae-4931-8043-6bddf756b921,bf3dcb33-189d-46e2-8423-7c59a9d4ca4b,67db5ef9-0510-4b47-9da6-606900c532b2
c084aa44-19f6-4c3b-829e-c09d8a97c632,0199ce59-de5a-7ef1-93d6-8b85f18eb4b4,46a305b2-21ae-4931-8043-6bddf756b921,bf3dcb33-189d-46e2-8423-7c59a9d4ca4b,ac152b68-de8c-433c-aca4-f613fe00d68d
8b0d4663-4b41-4fd9-aced-d4777bb685d0,0199ce59-de5a-7ef1-93d6-8b85f18eb4b4,46a305b2-21ae-4931-8043-6bddf756b921,bf3dcb33-189d-46e2-8423-7c59a9d4ca4b,aa61ea24-aadb-420c-a7d8-29325521dad4
9526625d-ba9a-4c68-92d3-536666fca581,0199ce59-de5a-7ef1-93d6-8b85f18eb4b4,46a305b2-21ae-4931-8043-6bddf756b921,bf3dcb33-189d-46e2-8423-7c59a9d4ca4b,1f4f15fd-6bb1-491d-9c31-ff276d016378
9bf65153-0f6a-4a80-aff9-da53f919ed92,0199ce59-de5a-7ef1-93d6-8b85f18eb4b4,46a305b2-21ae-4931-8043-6bddf756b921,bf3dcb33-189d-46e2-8423-7c59a9d4ca4b,133522ed-2739-476a-81cc-d3350a165382
e17d6a35-5d7d-4474-8d06-4da0562d49ff,0199ce59-de5a-7ef1-93d6-8b85f18eb4b4,46a305b2-21ae-4931-8043-6bddf756b921,bf3dcb33-189d-46e2-8423-7c59a9d4ca4b,719bec76-c52d-4a7b-8a4b-ea70b2f12e76
c97da111-c1bc-4697-bc93-76cb14a289be,0199ce59-de5a-7ef1-93d6-8b85f18eb4b4,46a305b2-21ae-4931-8043-6bddf756b921,bf3dcb33-189d-46e2-8423-7c59a9d4ca4b,106b48ca-dff7-48d2-b19a-45c0e75e07ce
2c108ee3-d693-423a-af51-6fd3791fb92f,0199ce59-de5a-7ef1-93d6-8b85f18eb4b4,46a305b2-21ae-4931-8043-6bddf756b921,df62cfe1-305a-42ee-963e-53a22c715e9b,f7d994e3-7d8f-40f1-8b91-cb5852ac8e1d
a9fbe4b8-fdae-492e-b5b2-803021e63aca,0199ce59-de5a-7ef1-93d6-8b85f18eb4b4,46a305b2-21ae-4931-8043-6bddf756b921,df62cfe1-305a-42ee-963e-53a22c715e9b,6a478a43-a234-4ada-b263-fe14fac487b8
b97dcd34-c892-4695-9929-7792fa4d63e6,0199ce59-de5a-7ef1-93d6-8b85f18eb4b4,46a305b2-21ae-4931-8043-6bddf756b921,df62cfe1-305a-42ee-963e-53a22c715e9b,e6a71390-9740-4917-afec-4949316234b4
5c371eab-9622-4fc9-a499-7f439a76f487,0199ce59-de5a-7ef1-93d6-8b85f18eb4b4,46a305b2-21ae-4931-8043-6bddf756b921,df62cfe1-305a-42ee-963e-53a22c715e9b,67db5ef9-0510-4b47-9da6-606900c532b2
0f858394-9c3d-471b-8d4a-3e65ca095456,0199ce59-de5a-7ef1-93d6-8b85f18eb4b4,46a305b2-21ae-4931-8043-6bddf756b921,df62cfe1-305a-42ee-963e-53a22c715e9b,ac152b68-de8c-433c-aca4-f613fe00d68d
69b7d665-07f5-4283-b5d8-638c98752121,0199ce59-de5a-7ef1-93d6-8b85f18eb4b4,46a305b2-21ae-4931-8043-6bddf756b921,df62cfe1-305a-42ee-963e-53a22c715e9b,aa61ea24-aadb-420c-a7d8-29325521dad4
9a61fb0d-e8d1-4373-8f29-3b0344f4d818,0199ce59-de5a-7ef1-93d6-8b85f18eb4b4,46a305b2-21ae-4931-8043-6bddf756b921,df62cfe1-305a-42ee-963e-53a22c715e9b,1f4f15fd-6bb1-491d-9c31-ff276d016378
b788610a-135f-4bea-9107-b6b74b1f6f04,0199ce59-de5a-7ef1-93d6-8b85f18eb4b4,46a305b2-21ae-4931-8043-6bddf756b921,df62cfe1-305a-42ee-963e-53a22c715e9b,133522ed-2739-476a-81cc-d3350a165382
3747167e-f15e-4a8a-970c-0383c3860110,0199ce59-de5a-7ef1-93d6-8b85f18eb4b4,46a305b2-21ae-4931-8043-6bddf756b921,df62cfe1-305a-42ee-963e-53a22c715e9b,719bec76-c52d-4a7b-8a4b-ea70b2f12e76
9494815b-1656-4727-a3a8-fdf51a7647ac,0199ce59-de5a-7ef1-93d6-8b85f18eb4b4,46a305b2-21ae-4931-8043-6bddf756b921,df62cfe1-305a-42ee-963e-53a22c715e9b,106b48ca-dff7-48d2-b19a-45c0e75e07ce
9ae4572c-0c04-4f37-bd0b-a48fe4c93189,0199ce59-de5a-7ef1-93d6-8b85f18eb4b4,46a305b2-21ae-4931-8043-6bddf756b921,87e37798-3a15-4ba6-93f3-76c9fc5cc816,f7d994e3-7d8f-40f1-8b91-cb5852ac8e1d
cac34bc9-2a7b-448e-a250-478791971d6c,0199ce59-de5a-7ef1-93d6-8b85f18eb4b4,46a305b2-21ae-4931-8043-6bddf756b921,87e37798-3a15-4ba6-93f3-76c9fc5cc816,6a478a43-a234-4ada-b263-fe14fac487b8
31bab17c-fdae-429e-a8aa-23402e9351ab,0199ce59-de5a-7ef1-93d6-8b85f18eb4b4,46a305b2-21ae-4931-8043-6bddf756b921,87e37798-3a15-4ba6-93f3-76c9fc5cc816,e6a71390-9740-4917-afec-4949316234b4
388e16ca-fcee-4576-90e1-b5eb4e2633ec,0199ce59-de5a-7ef1-93d6-8b85f18eb4b4,46a305b2-21ae-4931-8043-6bddf756b921,87e37798-3a15-4ba6-93f3-76c9fc5cc816,67db5ef9-0510-4b47-9da6-606900c532b2
fea1a9d5-a4c7-492f-a491-0e2a6a5aecd1,0199ce59-de5a-7ef1-93d6-8b85f18eb4b4,46a305b2-21ae-4931-8043-6bddf756b921,87e37798-3a15-4ba6-93f3-76c9fc5cc816,ac152b68-de8c-433c-aca4-f613fe00d68d
5fe9c13e-4dcf-405e-86e0-cf225db74398,0199ce59-de5a-7ef1-93d6-8b85f18eb4b4,46a305b2-21ae-4931-8043-6bddf756b921,87e37798-3a15-4ba6-93f3-76c9fc5cc816,aa61ea24-aadb-420c-a7d8-29325521dad4
04e92d71-4e71-46a4-adba-6cda2de1edcc,0199ce59-de5a-7ef1-93d6-8b85f18eb4b4,46a305b2-21ae-4931-8043-6bddf756b921,87e37798-3a15-4ba6-93f3-76c9fc5cc816,1f4f15fd-6bb1-491d-9c31-ff276d016378
c0235869-a8b7-438d-b9ac-a413843e181a,0199ce59-de5a-7ef1-93d6-8b85f18eb4b4,46a305b2-21ae-4931-8043-6bddf756b921,87e37798-3a15-4ba6-93f3-76c9fc5cc816,133522ed-2739-476a-81cc-d3350a165382
62110bea-4478-489e-af53-571c9f863240,0199ce59-de5a-7ef1-93d6-8b85f18eb4b4,46a305b2-21ae-4931-8043-6bddf756b921,87e37798-3a15-4ba6-93f3-76c9fc5cc816,719bec76-c52d-4a7b-8a4b-ea70b2f12e76
44592bff-54ed-463c-9927-833a0123ae71,0199ce59-de5a-7ef1-93d6-8b85f18eb4b4,46a305b2-21ae-4931-8043-6bddf756b921,87e37798-3a15-4ba6-93f3-76c9fc5cc816,106b48ca-dff7-48d2-b19a-45c0e75e07ce
91f5bfef-e9c8-45cf-95be-31c231732563,0199ce59-de5a-7ef1-93d6-8b85f18eb4b4,46a305b2-21ae-4931-8043-6bddf756b921,fff04755-55e2-4ee4-b9e5-386dcdc71522,f7d994e3-7d8f-40f1-8b91-cb5852ac8e1d
b9157e75-9c5d-4353-bff4-e434f9897887,0199ce59-de5a-7ef1-93d6-8b85f18eb4b4,46a305b2-21ae-4931-8043-6bddf756b921,fff04755-55e2-4ee4-b9e5-386dcdc71522,6a478a43-a234-4ada-b263-fe14fac487b8
f9290ae2-453f-456b-88c8-812b0a884e44,0199ce59-de5a-7ef1-93d6-8b85f18eb4b4,46a305b2-21ae-4931-8043-6bddf756b921,fff04755-55e2-4ee4-b9e5-386dcdc71522,e6a71390-9740-4917-afec-4949316234b4
0532738f-d662-4bf2-a237-9f6a8ca2796b,0199ce59-de5a-7ef1-93d6-8b85f18eb4b4,46a305b2-21ae-4931-8043-6bddf756b921,fff04755-55e2-4ee4-b9e5-386dcdc71522,67db5ef9-0510-4b47-9da6-606900c532b2
34eb911b-8f41-45a6-a490-f53e22142ceb,0199ce59-de5a-7ef1-93d6-8b85f18eb4b4,46a305b2-21ae-4931-8043-6bddf756b921,fff04755-55e2-4ee4-b9e5-386dcdc71522,ac152b68-de8c-433c-aca4-f613fe00d68d
4eb917e0-0182-4548-9228-229a1cb7d0ab,0199ce59-de5a-7ef1-93d6-8b85f18eb4b4,46a305b2-21ae-4931-8043-6bddf756b921,fff04755-55e2-4ee4-b9e5-386dcdc71522,aa61ea24-aadb-420c-a7d8-29325521dad4
fe0aadeb-d5fa-4f28-a33c-2df1a63213ec,0199ce59-de5a-7ef1-93d6-8b85f18eb4b4,46a305b2-21ae-4931-8043-6bddf756b921,fff04755-55e2-4ee4-b9e5-386dcdc71522,1f4f15fd-6bb1-491d-9c31-ff276d016378
0773b204-2ea4-4e53-a5a9-ddbc762bb02a,0199ce59-de5a-7ef1-93d6-8b85f18eb4b4,46a305b2-21ae-4931-8043-6bddf756b921,fff04755-55e2-4ee4-b9e5-386dcdc71522,133522ed-2739-476a-81cc-d3350a165382
fa4ba541-8f09-4b76-a8db-5e28803e996a,0199ce59-de5a-7ef1-93d6-8b85f18eb4b4,46a305b2-21ae-4931-8043-6bddf756b921,fff04755-55e2-4ee4-b9e5-386dcdc71522,719bec76-c52d-4a7b-8a4b-ea70b2f12e76
d2f93a0a-8fbf-4e66-954b-45cdc1856ea5,0199ce59-de5a-7ef1-93d6-8b85f18eb4b4,46a305b2-21ae-4931-8043-6bddf756b921,fff04755-55e2-4ee4-b9e5-386dcdc71522,106b48ca-dff7-48d2-b19a-45c0e75e07ce
70a525cc-ce94-4600-aacb-fd3e0c9888be,0199ce59-de5a-7ef1-93d6-8b85f18eb4b4,46a305b2-21ae-4931-8043-6bddf756b921,87eee04e-bffc-48d8-bc02-5f76b2451135,f7d994e3-7d8f-40f1-8b91-cb5852ac8e1d
8b2cc602-c36b-4fbf-8ba3-2c9c02c3e1c8,0199ce59-de5a-7ef1-93d6-8b85f18eb4b4,46a305b2-21ae-4931-8043-6bddf756b921,87eee04e-bffc-48d8-bc02-5f76b2451135,6a478a43-a234-4ada-b263-fe14fac487b8
18153b0f-98d2-4a6e-8d59-f94890ec3cc4,0199ce59-de5a-7ef1-93d6-8b85f18eb4b4,46a305b2-21ae-4931-8043-6bddf756b921,87eee04e-bffc-48d8-bc02-5f76b2451135,e6a71390-9740-4917-afec-4949316234b4
857cc362-0ef5-473c-80c2-8c530cfd9b70,0199ce59-de5a-7ef1-93d6-8b85f18eb4b4,46a305b2-21ae-4931-8043-6bddf756b921,87eee04e-bffc-48d8-bc02-5f76b2451135,67db5ef9-0510-4b47-9da6-606900c532b2
53a24b3f-3187-4be5-b421-7124f025ba7e,0199ce59-de5a-7ef1-93d6-8b85f18eb4b4,46a305b2-21ae-4931-8043-6bddf756b921,87eee04e-bffc-48d8-bc02-5f76b2451135,ac152b68-de8c-433c-aca4-f613fe00d68d
4fd8bb4c-80af-4ccb-938e-58bec060dd17,0199ce59-de5a-7ef1-93d6-8b85f18eb4b4,46a305b2-21ae-4931-8043-6bddf756b921,87eee04e-bffc-48d8-bc02-5f76b2451135,aa61ea24-aadb-420c-a7d8-29325521dad4
0b47b880-0ec3-46be-885b-de1d44d8f0d5,0199ce59-de5a-7ef1-93d6-8b85f18eb4b4,46a305b2-21ae-4931-8043-6bddf756b921,87eee04e-bffc-48d8-bc02-5f76b2451135,1f4f15fd-6bb1-491d-9c31-ff276d016378
c77833d8-9365-440c-8620-9608dba6b250,0199ce59-de5a-7ef1-93d6-8b85f18eb4b4,46a305b2-21ae-4931-8043-6bddf756b921,87eee04e-bffc-48d8-bc02-5f76b2451135,133522ed-2739-476a-81cc-d3350a165382
111f3740-8cd9-4cec-b8a4-88e124f3f611,0199ce59-de5a-7ef1-93d6-8b85f18eb4b4,46a305b2-21ae-4931-8043-6bddf756b921,87eee04e-bffc-48d8-bc02-5f76b2451135,719bec76-c52d-4a7b-8a4b-ea70b2f12e76
fd97b983-6e0c-4629-bbb3-a87399098488,0199ce59-de5a-7ef1-93d6-8b85f18eb4b4,46a305b2-21ae-4931-8043-6bddf756b921,87eee04e-bffc-48d8-bc02-5f76b2451135,106b48ca-dff7-48d2-b19a-45c0e75e07ce
535fe31c-cff3-4125-b060-cc006aa1f6ce,0199ce59-de5a-7ef1-93d6-8b85f18eb4b4,46a305b2-21ae-4931-8043-6bddf756b921,52329e93-4508-42c4-8ce1-2acca32d1731,f7d994e3-7d8f-40f1-8b91-cb5852ac8e1d
69e19081-fed2-4515-91f5-d6d543db128f,0199ce59-de5a-7ef1-93d6-8b85f18eb4b4,46a305b2-21ae-4931-8043-6bddf756b921,52329e93-4508-42c4-8ce1-2acca32d1731,6a478a43-a234-4ada-b263-fe14fac487b8
2807f920-5650-48ad-a8c2-88b3c9b04bd9,0199ce59-de5a-7ef1-93d6-8b85f18eb4b4,46a305b2-21ae-4931-8043-6bddf756b921,52329e93-4508-42c4-8ce1-2acca32d1731,e6a71390-9740-4917-afec-4949316234b4
94864d80-aecd-47d5-aec1-acf7989ae00c,0199ce59-de5a-7ef1-93d6-8b85f18eb4b4,46a305b2-21ae-4931-8043-6bddf756b921,52329e93-4508-42c4-8ce1-2acca32d1731,67db5ef9-0510-4b47-9da6-606900c532b2
92685df1-c993-4c3f-af04-c9d24e734e9a,0199ce59-de5a-7ef1-93d6-8b85f18eb4b4,46a305b2-21ae-4931-8043-6bddf756b921,52329e93-4508-42c4-8ce1-2acca32d1731,ac152b68-de8c-433c-aca4-f613fe00d68d
f02b55dc-38cd-48b6-a130-22d437fdb5b5,0199ce59-de5a-7ef1-93d6-8b85f18eb4b4,46a305b2-21ae-4931-8043-6bddf756b921,52329e93-4508-42c4-8ce1-2acca32d1731,aa61ea24-aadb-420c-a7d8-29325521dad4
003807f7-3831-447f-9cb8-203a53e8e2be,0199ce59-de5a-7ef1-93d6-8b85f18eb4b4,46a305b2-21ae-4931-8043-6bddf756b921,52329e93-4508-42c4-8ce1-2acca32d1731,1f4f15fd-6bb1-491d-9c31-ff276d016378
3c659ecd-1d42-415a-80f3-8bd99dfb4b59,0199ce59-de5a-7ef1-93d6-8b85f18eb4b4,46a305b2-21ae-4931-8043-6bddf756b921,52329e93-4508-42c4-8ce1-2acca32d1731,133522ed-2739-476a-81cc-d3350a165382
38624180-14b8-4016-bef4-34340a773fac,0199ce59-de5a-7ef1-93d6-8b85f18eb4b4,46a305b2-21ae-4931-8043-6bddf756b921,52329e93-4508-42c4-8ce1-2acca32d1731,719bec76-c52d-4a7b-8a4b-ea70b2f12e76
b6e20468-9ebd-4642-be3b-813a874b0ae1,0199ce59-de5a-7ef1-93d6-8b85f18eb4b4,46a305b2-21ae-4931-8043-6bddf756b921,52329e93-4508-42c4-8ce1-2acca32d1731,106b48ca-dff7-48d2-b19a-45c0e75e07ce
586dbf38-2410-4512-a4f1-b530efbf9ca3,0199ce59-de5a-7ef1-93d6-8b85f18eb4b4,46a305b2-21ae-4931-8043-6bddf756b921,da347f1e-b37c-44b4-b262-45ac67e7cbe6,f7d994e3-7d8f-40f1-8b91-cb5852ac8e1d
85964593-b30c-4a4a-8be8-92c30b5e0feb,0199ce59-de5a-7ef1-93d6-8b85f18eb4b4,46a305b2-21ae-4931-8043-6bddf756b921,da347f1e-b37c-44b4-b262-45ac67e7cbe6,6a478a43-a234-4ada-b263-fe14fac487b8
ae5f8e14-09e9-47e8-9437-3b999acbcfc4,0199ce59-de5a-7ef1-93d6-8b85f18eb4b4,46a305b2-21ae-4931-8043-6bddf756b921,da347f1e-b37c-44b4-b262-45ac67e7cbe6,e6a71390-9740-4917-afec-4949316234b4
8db5e08e-ce94-4eae-ad33-2839f575d98b,0199ce59-de5a-7ef1-93d6-8b85f18eb4b4,46a305b2-21ae-4931-8043-6bddf756b921,da347f1e-b37c-44b4-b262-45ac67e7cbe6,67db5ef9-0510-4b47-9da6-606900c532b2
22ff8112-7795-4f1e-bf1b-fac9533bf4e0,0199ce59-de5a-7ef1-93d6-8b85f18eb4b4,46a305b2-21ae-4931-8043-6bddf756b921,da347f1e-b37c-44b4-b262-45ac67e7cbe6,ac152b68-de8c-433c-aca4-f613fe00d68d
b2c00d72-453c-40a4-906c-86d1d45e734f,0199ce59-de5a-7ef1-93d6-8b85f18eb4b4,46a305b2-21ae-4931-8043-6bddf756b921,da347f1e-b37c-44b4-b262-45ac67e7cbe6,aa61ea24-aadb-420c-a7d8-29325521dad4
8b88ef39-4438-4e9b-81d6-f3f21f549aab,0199ce59-de5a-7ef1-93d6-8b85f18eb4b4,46a305b2-21ae-4931-8043-6bddf756b921,da347f1e-b37c-44b4-b262-45ac67e7cbe6,1f4f15fd-6bb1-491d-9c31-ff276d016378
00a3cc0d-53dc-4814-b718-d1cce4c2ccc0,0199ce59-de5a-7ef1-93d6-8b85f18eb4b4,46a305b2-21ae-4931-8043-6bddf756b921,da347f1e-b37c-44b4-b262-45ac67e7cbe6,133522ed-2739-476a-81cc-d3350a165382
fd030419-791c-4367-9388-6c050364c5e5,0199ce59-de5a-7ef1-93d6-8b85f18eb4b4,46a305b2-21ae-4931-8043-6bddf756b921,da347f1e-b37c-44b4-b262-45ac67e7cbe6,719bec76-c52d-4a7b-8a4b-ea70b2f12e76
c7fc20c1-294e-4e09-88a7-447ab3e56cdf,0199ce59-de5a-7ef1-93d6-8b85f18eb4b4,46a305b2-21ae-4931-8043-6bddf756b921,da347f1e-b37c-44b4-b262-45ac67e7cbe6,106b48ca-dff7-48d2-b19a-45c0e75e07ce
909430b7-bb6a-4f04-a5c5-812ab4b4afba,0199ce59-de5a-7ef1-93d6-8b85f18eb4b4,46a305b2-21ae-4931-8043-6bddf756b921,8571d3dc-8f4b-44ee-8222-475aadec5d2e,f7d994e3-7d8f-40f1-8b91-cb5852ac8e1d
69c36b17-39fd-4800-9929-f689621825d4,0199ce59-de5a-7ef1-93d6-8b85f18eb4b4,46a305b2-21ae-4931-8043-6bddf756b921,8571d3dc-8f4b-44ee-8222-475aadec5d2e,6a478a43-a234-4ada-b263-fe14fac487b8
ba203405-6582-4e9d-9d19-213f867b5baa,0199ce59-de5a-7ef1-93d6-8b85f18eb4b4,46a305b2-21ae-4931-8043-6bddf756b921,8571d3dc-8f4b-44ee-8222-475aadec5d2e,e6a71390-9740-4917-afec-4949316234b4
91e227cd-06cd-4922-a19b-5ce33e865531,0199ce59-de5a-7ef1-93d6-8b85f18eb4b4,46a305b2-21ae-4931-8043-6bddf756b921,8571d3dc-8f4b-44ee-8222-475aadec5d2e,67db5ef9-0510-4b47-9da6-606900c532b2
875d568c-a3e7-4f15-93db-afc575f4b1d5,0199ce59-de5a-7ef1-93d6-8b85f18eb4b4,46a305b2-21ae-4931-8043-6bddf756b921,8571d3dc-8f4b-44ee-8222-475aadec5d2e,ac152b68-de8c-433c-aca4-f613fe00d68d
4a839a73-a9e9-4b91-b73a-ae6a6959cb2a,0199ce59-de5a-7ef1-93d6-8b85f18eb4b4,46a305b2-21ae-4931-8043-6bddf756b921,8571d3dc-8f4b-44ee-8222-475aadec5d2e,aa61ea24-aadb-420c-a7d8-29325521dad4
eac4b94c-859f-4af8-9149-91b8d9031336,0199ce59-de5a-7ef1-93d6-8b85f18eb4b4,46a305b2-21ae-4931-8043-6bddf756b921,8571d3dc-8f4b-44ee-8222-475aadec5d2e,1f4f15fd-6bb1-491d-9c31-ff276d016378
dbcde753-ac22-4290-b62f-fa635cd03dec,0199ce59-de5a-7ef1-93d6-8b85f18eb4b4,46a305b2-21ae-4931-8043-6bddf756b921,8571d3dc-8f4b-44ee-8222-475aadec5d2e,133522ed-2739-476a-81cc-d3350a165382
62f02683-f98e-4195-b70f-4daa3dd86a0c,0199ce59-de5a-7ef1-93d6-8b85f18eb4b4,46a305b2-21ae-4931-8043-6bddf756b921,8571d3dc-8f4b-44ee-8222-475aadec5d2e,719bec76-c52d-4a7b-8a4b-ea70b2f12e76
f677520b-b0a7-4cbf-93cf-67ea466495a8,0199ce59-de5a-7ef1-93d6-8b85f18eb4b4,46a305b2-21ae-4931-8043-6bddf756b921,8571d3dc-8f4b-44ee-8222-475aadec5d2e,106b48ca-dff7-48d2-b19a-45c0e75e07ce
1ba2387b-caed-4b1c-98eb-4d5a45793f6b,d33933d9-7bec-4304-9992-57cff20188e6,46a305b2-21ae-4931-8043-6bddf756b921,995eea17-9bb8-4961-897e-5ef4ab519364,ca886f71-4630-4f86-9630-1af065c74c20
f05c1498-391e-4b64-9031-23a7fec85e22,d33933d9-7bec-4304-9992-57cff20188e6,46a305b2-21ae-4931-8043-6bddf756b921,995eea17-9bb8-4961-897e-5ef4ab519364,23d119f5-cebc-4bd2-8a25-82770ff7ed9e
ed0f2c5c-05b7-4672-a338-79afefb2dc1b,d33933d9-7bec-4304-9992-57cff20188e6,46a305b2-21ae-4931-8043-6bddf756b921,995eea17-9bb8-4961-897e-5ef4ab519364,1dd0eb28-a80f-4932-a742-758540819249
d1a9ae32-73aa-4a3b-9f13-1a86435364e8,d33933d9-7bec-4304-9992-57cff20188e6,46a305b2-21ae-4931-8043-6bddf756b921,995eea17-9bb8-4961-897e-5ef4ab519364,bc0a948b-2aee-4df1-9e64-f1acae208793
206c1217-768f-4f82-acd3-f3c5665c6ac4,d33933d9-7bec-4304-9992-57cff20188e6,46a305b2-21ae-4931-8043-6bddf756b921,995eea17-9bb8-4961-897e-5ef4ab519364,67d16cf6-b575-4f71-9c7a-dbd6d2874e29
48d14b6d-7cb8-43fe-8fa7-3c069b71b833,d33933d9-7bec-4304-9992-57cff20188e6,46a305b2-21ae-4931-8043-6bddf756b921,995eea17-9bb8-4961-897e-5ef4ab519364,f5c3c3a4-9f65-4ecf-8bc3-d5b701099d0b
33211edc-fa02-4caa-8bba-3afc2cb02a19,d33933d9-7bec-4304-9992-57cff20188e6,46a305b2-21ae-4931-8043-6bddf756b921,3c38aa76-69dc-4eda-b250-1692744752fd,ca886f71-4630-4f86-9630-1af065c74c20
c65e52c1-87b6-41dd-a613-78bff2801c33,d33933d9-7bec-4304-9992-57cff20188e6,46a305b2-21ae-4931-8043-6bddf756b921,3c38aa76-69dc-4eda-b250-1692744752fd,23d119f5-cebc-4bd2-8a25-82770ff7ed9e
592586fe-d4a2-463d-ac5e-08803a3f7962,d33933d9-7bec-4304-9992-57cff20188e6,46a305b2-21ae-4931-8043-6bddf756b921,3c38aa76-69dc-4eda-b250-1692744752fd,1dd0eb28-a80f-4932-a742-758540819249
af8115ea-3f75-4f54-b767-d502839c9fd0,d33933d9-7bec-4304-9992-57cff20188e6,46a305b2-21ae-4931-8043-6bddf756b921,3c38aa76-69dc-4eda-b250-1692744752fd,bc0a948b-2aee-4df1-9e64-f1acae208793
f89a545a-db78-4c87-94af-6eed7737f8c5,d33933d9-7bec-4304-9992-57cff20188e6,46a305b2-21ae-4931-8043-6bddf756b921,3c38aa76-69dc-4eda-b250-1692744752fd,67d16cf6-b575-4f71-9c7a-dbd6d2874e29
69bb5f78-e819-4215-beb9-3c2463f59c18,d33933d9-7bec-4304-9992-57cff20188e6,46a305b2-21ae-4931-8043-6bddf756b921,3c38aa76-69dc-4eda-b250-1692744752fd,f5c3c3a4-9f65-4ecf-8bc3-d5b701099d0b
f405fa90-c2df-42ae-8fbd-a9d414da044f,d33933d9-7bec-4304-9992-57cff20188e6,46a305b2-21ae-4931-8043-6bddf756b921,f4b3ce70-be11-474e-97f3-c118163288c1,ca886f71-4630-4f86-9630-1af065c74c20
b4ac9143-b01f-49ef-968c-047a2e1aad34,d33933d9-7bec-4304-9992-57cff20188e6,46a305b2-21ae-4931-8043-6bddf756b921,f4b3ce70-be11-474e-97f3-c118163288c1,23d119f5-cebc-4bd2-8a25-82770ff7ed9e
c80bfcbe-dfb5-4ada-9914-dba41761f3b2,d33933d9-7bec-4304-9992-57cff20188e6,46a305b2-21ae-4931-8043-6bddf756b921,f4b3ce70-be11-474e-97f3-c118163288c1,1dd0eb28-a80f-4932-a742-758540819249
f79a6e22-924a-4638-8c1e-0252a9c3cfff,d33933d9-7bec-4304-9992-57cff20188e6,46a305b2-21ae-4931-8043-6bddf756b921,f4b3ce70-be11-474e-97f3-c118163288c1,bc0a948b-2aee-4df1-9e64-f1acae208793
3772057d-bed0-435f-bec4-8125da351d7e,d33933d9-7bec-4304-9992-57cff20188e6,46a305b2-21ae-4931-8043-6bddf756b921,f4b3ce70-be11-474e-97f3-c118163288c1,67d16cf6-b575-4f71-9c7a-dbd6d2874e29
3770cbc5-343a-4605-904b-94fc9c88e5ff,d33933d9-7bec-4304-9992-57cff20188e6,46a305b2-21ae-4931-8043-6bddf756b921,f4b3ce70-be11-474e-97f3-c118163288c1,f5c3c3a4-9f65-4ecf-8bc3-d5b701099d0b
20c3176e-2dea-4db1-b992-ea9d8e9e55bc,d33933d9-7bec-4304-9992-57cff20188e6,46a305b2-21ae-4931-8043-6bddf756b921,d002a8a2-287e-41dd-a45b-f25cb5e27542,ca886f71-4630-4f86-9630-1af065c74c20
8afa6bf3-a676-414f-b43d-824f5e76182f,d33933d9-7bec-4304-9992-57cff20188e6,46a305b2-21ae-4931-8043-6bddf756b921,d002a8a2-287e-41dd-a45b-f25cb5e27542,23d119f5-cebc-4bd2-8a25-82770ff7ed9e
9ab56c40-7e9e-4e0f-989a-fe8c1cd95b59,d33933d9-7bec-4304-9992-57cff20188e6,46a305b2-21ae-4931-8043-6bddf756b921,d002a8a2-287e-41dd-a45b-f25cb5e27542,1dd0eb28-a80f-4932-a742-758540819249
d6b6ec14-c251-453a-84a1-0066ab6dd1f6,d33933d9-7bec-4304-9992-57cff20188e6,46a305b2-21ae-4931-8043-6bddf756b921,d002a8a2-287e-41dd-a45b-f25cb5e27542,bc0a948b-2aee-4df1-9e64-f1acae208793
ce5eaf49-698c-4a03-a3ff-ee032cd71ec7,d33933d9-7bec-4304-9992-57cff20188e6,46a305b2-21ae-4931-8043-6bddf756b921,d002a8a2-287e-41dd-a45b-f25cb5e27542,67d16cf6-b575-4f71-9c7a-dbd6d2874e29
5e37d94c-053b-422a-84b9-d04a59dea80e,d33933d9-7bec-4304-9992-57cff20188e6,46a305b2-21ae-4931-8043-6bddf756b921,d002a8a2-287e-41dd-a45b-f25cb5e27542,f5c3c3a4-9f65-4ecf-8bc3-d5b701099d0b
1fedbfae-6c96-4c2f-a31a-169dd6fe1eaa,d33933d9-7bec-4304-9992-57cff20188e6,46a305b2-21ae-4931-8043-6bddf756b921,c6f9366b-10c2-4ecb-b998-56a47fdaf936,ca886f71-4630-4f86-9630-1af065c74c20
bd9ba7f7-1509-44d2-9535-bba23a7857ed,d33933d9-7bec-4304-9992-57cff20188e6,46a305b2-21ae-4931-8043-6bddf756b921,c6f9366b-10c2-4ecb-b998-56a47fdaf936,23d119f5-cebc-4bd2-8a25-82770ff7ed9e
057c8496-d07e-4f6e-8d60-fec286faeac3,d33933d9-7bec-4304-9992-57cff20188e6,46a305b2-21ae-4931-8043-6bddf756b921,c6f9366b-10c2-4ecb-b998-56a47fdaf936,1dd0eb28-a80f-4932-a742-758540819249
2d6aa924-3b73-46de-9061-21e7a28d86a1,d33933d9-7bec-4304-9992-57cff20188e6,46a305b2-21ae-4931-8043-6bddf756b921,c6f9366b-10c2-4ecb-b998-56a47fdaf936,bc0a948b-2aee-4df1-9e64-f1acae208793
194a989f-a8f2-45c9-b5cd-3fb988d26d0a,d33933d9-7bec-4304-9992-57cff20188e6,46a305b2-21ae-4931-8043-6bddf756b921,c6f9366b-10c2-4ecb-b998-56a47fdaf936,67d16cf6-b575-4f71-9c7a-dbd6d2874e29
397c2526-af65-432c-a9ee-0d1d002e400b,d33933d9-7bec-4304-9992-57cff20188e6,46a305b2-21ae-4931-8043-6bddf756b921,c6f9366b-10c2-4ecb-b998-56a47fdaf936,f5c3c3a4-9f65-4ecf-8bc3-d5b701099d0b
39d97c3d-f446-4ef5-bac8-9d61eb97d633,d33933d9-7bec-4304-9992-57cff20188e6,46a305b2-21ae-4931-8043-6bddf756b921,d6cb1ace-6efe-4a27-95c3-747e23b9a3f0,ca886f71-4630-4f86-9630-1af065c74c20
9a3b0f80-72ba-427d-940e-8898d75f18ef,d33933d9-7bec-4304-9992-57cff20188e6,46a305b2-21ae-4931-8043-6bddf756b921,d6cb1ace-6efe-4a27-95c3-747e23b9a3f0,23d119f5-cebc-4bd2-8a25-82770ff7ed9e
e751ff8b-c49d-4ac7-a783-d325aad864bc,d33933d9-7bec-4304-9992-57cff20188e6,46a305b2-21ae-4931-8043-6bddf756b921,d6cb1ace-6efe-4a27-95c3-747e23b9a3f0,1dd0eb28-a80f-4932-a742-758540819249
8e69e80f-da30-4284-8e25-281bc3ea4cf1,d33933d9-7bec-4304-9992-57cff20188e6,46a305b2-21ae-4931-8043-6bddf756b921,d6cb1ace-6efe-4a27-95c3-747e23b9a3f0,bc0a948b-2aee-4df1-9e64-f1acae208793
cae3d01b-6372-4663-b924-4d1f2c77c657,d33933d9-7bec-4304-9992-57cff20188e6,46a305b2-21ae-4931-8043-6bddf756b921,d6cb1ace-6efe-4a27-95c3-747e23b9a3f0,67d16cf6-b575-4f71-9c7a-dbd6d2874e29
12e1ec64-556e-41de-9866-300461e105f7,d33933d9-7bec-4304-9992-57cff20188e6,46a305b2-21ae-4931-8043-6bddf756b921,d6cb1ace-6efe-4a27-95c3-747e23b9a3f0,f5c3c3a4-9f65-4ecf-8bc3-d5b701099d0b
9ff038cc-b08a-4c1a-b36f-30d03f9f1f1f,d33933d9-7bec-4304-9992-57cff20188e6,46a305b2-21ae-4931-8043-6bddf756b921,251478ad-322f-4c42-8773-145abb1d767e,ca886f71-4630-4f86-9630-1af065c74c20
6c79842e-da03-4c2c-ba6d-8e123f540696,d33933d9-7bec-4304-9992-57cff20188e6,46a305b2-21ae-4931-8043-6bddf756b921,251478ad-322f-4c42-8773-145abb1d767e,23d119f5-cebc-4bd2-8a25-82770ff7ed9e
239a14de-3561-4b51-a905-57abd5c706da,d33933d9-7bec-4304-9992-57cff20188e6,46a305b2-21ae-4931-8043-6bddf756b921,251478ad-322f-4c42-8773-145abb1d767e,1dd0eb28-a80f-4932-a742-758540819249
97b2672c-0a97-45f8-81b1-732e7a1c1576,d33933d9-7bec-4304-9992-57cff20188e6,46a305b2-21ae-4931-8043-6bddf756b921,251478ad-322f-4c42-8773-145abb1d767e,bc0a948b-2aee-4df1-9e64-f1acae208793
1b088c76-7b6f-4898-a067-365d0e148504,d33933d9-7bec-4304-9992-57cff20188e6,46a305b2-21ae-4931-8043-6bddf756b921,251478ad-322f-4c42-8773-145abb1d767e,67d16cf6-b575-4f71-9c7a-dbd6d2874e29
84ff3eed-5764-4758-906d-ea19d6f4e7ee,d33933d9-7bec-4304-9992-57cff20188e6,46a305b2-21ae-4931-8043-6bddf756b921,251478ad-322f-4c42-8773-145abb1d767e,f5c3c3a4-9f65-4ecf-8bc3-d5b701099d0b
bf50ca48-46c1-44ac-81dc-6674584ca0c8,d33933d9-7bec-4304-9992-57cff20188e6,46a305b2-21ae-4931-8043-6bddf756b921,26480f93-50b5-49ad-91c5-922fccc01f99,ca886f71-4630-4f86-9630-1af065c74c20
d74b0379-0f06-4c01-a0d8-9b199cbd6416,d33933d9-7bec-4304-9992-57cff20188e6,46a305b2-21ae-4931-8043-6bddf756b921,26480f93-50b5-49ad-91c5-922fccc01f99,23d119f5-cebc-4bd2-8a25-82770ff7ed9e
1e809d73-6fcd-4888-9ede-b3b000fde509,d33933d9-7bec-4304-9992-57cff20188e6,46a305b2-21ae-4931-8043-6bddf756b921,26480f93-50b5-49ad-91c5-922fccc01f99,1dd0eb28-a80f-4932-a742-758540819249
9a794481-7760-451d-a73d-7b51556698d0,d33933d9-7bec-4304-9992-57cff20188e6,46a305b2-21ae-4931-8043-6bddf756b921,26480f93-50b5-49ad-91c5-922fccc01f99,bc0a948b-2aee-4df1-9e64-f1acae208793
b5c865d7-6e91-4517-9203-1f20ebb0eee0,d33933d9-7bec-4304-9992-57cff20188e6,46a305b2-21ae-4931-8043-6bddf756b921,26480f93-50b5-49ad-91c5-922fccc01f99,67d16cf6-b575-4f71-9c7a-dbd6d2874e29
52dd3ef3-0208-41a3-b688-9383dbd0c351,d33933d9-7bec-4304-9992-57cff20188e6,46a305b2-21ae-4931-8043-6bddf756b921,26480f93-50b5-49ad-91c5-922fccc01f99,f5c3c3a4-9f65-4ecf-8bc3-d5b701099d0b
f15fb6b1-702a-4ae4-884a-acf297e76295,d33933d9-7bec-4304-9992-57cff20188e6,46a305b2-21ae-4931-8043-6bddf756b921,694fc529-569a-4af1-9335-c170366e53a5,ca886f71-4630-4f86-9630-1af065c74c20
bad7297b-d163-406e-adc7-db28188128a2,d33933d9-7bec-4304-9992-57cff20188e6,46a305b2-21ae-4931-8043-6bddf756b921,694fc529-569a-4af1-9335-c170366e53a5,23d119f5-cebc-4bd2-8a25-82770ff7ed9e
0b8267b9-7c9a-46c1-b0f5-57dd6a7965dd,d33933d9-7bec-4304-9992-57cff20188e6,46a305b2-21ae-4931-8043-6bddf756b921,694fc529-569a-4af1-9335-c170366e53a5,1dd0eb28-a80f-4932-a742-758540819249
3057c01f-1c17-4325-a1ab-8d1ff54d847a,d33933d9-7bec-4304-9992-57cff20188e6,46a305b2-21ae-4931-8043-6bddf756b921,694fc529-569a-4af1-9335-c170366e53a5,bc0a948b-2aee-4df1-9e64-f1acae208793
3a28b13a-6015-47dc-a68a-19f6ccb32237,d33933d9-7bec-4304-9992-57cff20188e6,46a305b2-21ae-4931-8043-6bddf756b921,694fc529-569a-4af1-9335-c170366e53a5,67d16cf6-b575-4f71-9c7a-dbd6d2874e29
70d7e1d4-ac2b-4ce5-a28a-f0f8b47dc02f,d33933d9-7bec-4304-9992-57cff20188e6,46a305b2-21ae-4931-8043-6bddf756b921,694fc529-569a-4af1-9335-c170366e53a5,f5c3c3a4-9f65-4ecf-8bc3-d5b701099d0b
992e3efd-cca3-42fe-a4c7-3ec24d7504db,d33933d9-7bec-4304-9992-57cff20188e6,46a305b2-21ae-4931-8043-6bddf756b921,938c3032-8d91-4dac-927b-5d647b36ebd8,ca886f71-4630-4f86-9630-1af065c74c20
261672d3-7adb-486f-9504-d669d4e94e30,d33933d9-7bec-4304-9992-57cff20188e6,46a305b2-21ae-4931-8043-6bddf756b921,938c3032-8d91-4dac-927b-5d647b36ebd8,23d119f5-cebc-4bd2-8a25-82770ff7ed9e
a5e7b0c2-f96e-4e2f-8fbe-2f939fa9b975,d33933d9-7bec-4304-9992-57cff20188e6,46a305b2-21ae-4931-8043-6bddf756b921,938c3032-8d91-4dac-927b-5d647b36ebd8,1dd0eb28-a80f-4932-a742-758540819249
7ed8d323-5e2b-4ea7-9f49-2b86b681945d,d33933d9-7bec-4304-9992-57cff20188e6,46a305b2-21ae-4931-8043-6bddf756b921,938c3032-8d91-4dac-927b-5d647b36ebd8,bc0a948b-2aee-4df1-9e64-f1acae208793
a3ea523b-a25b-473c-bfc5-42626e89d4b4,d33933d9-7bec-4304-9992-57cff20188e6,46a305b2-21ae-4931-8043-6bddf756b921,938c3032-8d91-4dac-927b-5d647b36ebd8,67d16cf6-b575-4f71-9c7a-dbd6d2874e29
3e57c6a8-0708-4658-bd71-7258de56b432,d33933d9-7bec-4304-9992-57cff20188e6,46a305b2-21ae-4931-8043-6bddf756b921,938c3032-8d91-4dac-927b-5d647b36ebd8,f5c3c3a4-9f65-4ecf-8bc3-d5b701099d0b
d5d3b889-d5ea-4a4e-b3e4-db73edb3a53a,d33933d9-7bec-4304-9992-57cff20188e6,46a305b2-21ae-4931-8043-6bddf756b921,c6500c53-405d-4b2d-a029-6f3ed353e803,ca886f71-4630-4f86-9630-1af065c74c20
51ed65e0-91ad-41d2-a776-2dc1e41f9525,d33933d9-7bec-4304-9992-57cff20188e6,46a305b2-21ae-4931-8043-6bddf756b921,c6500c53-405d-4b2d-a029-6f3ed353e803,23d119f5-cebc-4bd2-8a25-82770ff7ed9e
fb23c7ff-503c-4bac-8f63-c0107b4df55e,d33933d9-7bec-4304-9992-57cff20188e6,46a305b2-21ae-4931-8043-6bddf756b921,c6500c53-405d-4b2d-a029-6f3ed353e803,1dd0eb28-a80f-4932-a742-758540819249
0f56c6e9-0cfc-4156-a6b3-a211cef1d05c,d33933d9-7bec-4304-9992-57cff20188e6,46a305b2-21ae-4931-8043-6bddf756b921,c6500c53-405d-4b2d-a029-6f3ed353e803,bc0a948b-2aee-4df1-9e64-f1acae208793
df0a855b-1777-4120-8a9a-efcdb41dd5aa,d33933d9-7bec-4304-9992-57cff20188e6,46a305b2-21ae-4931-8043-6bddf756b921,c6500c53-405d-4b2d-a029-6f3ed353e803,67d16cf6-b575-4f71-9c7a-dbd6d2874e29
47961298-60a8-493c-ae49-36d410302f8f,d33933d9-7bec-4304-9992-57cff20188e6,46a305b2-21ae-4931-8043-6bddf756b921,c6500c53-405d-4b2d-a029-6f3ed353e803,f5c3c3a4-9f65-4ecf-8bc3-d5b701099d0b
dc1614f8-5bda-4d46-bf8e-99cef9daa605,d33933d9-7bec-4304-9992-57cff20188e6,46a305b2-21ae-4931-8043-6bddf756b921,b529a7dc-1e0b-4b58-8d33-e321d4d366a9,ca886f71-4630-4f86-9630-1af065c74c20
44036d00-0c33-4ab2-9b75-4c81721be07e,d33933d9-7bec-4304-9992-57cff20188e6,46a305b2-21ae-4931-8043-6bddf756b921,b529a7dc-1e0b-4b58-8d33-e321d4d366a9,23d119f5-cebc-4bd2-8a25-82770ff7ed9e
6c872ac3-849c-4419-ac9c-d2534e6a1756,d33933d9-7bec-4304-9992-57cff20188e6,46a305b2-21ae-4931-8043-6bddf756b921,b529a7dc-1e0b-4b58-8d33-e321d4d366a9,1dd0eb28-a80f-4932-a742-758540819249
5c872b9a-8931-4d53-9e9e-15e1c37e30bb,d33933d9-7bec-4304-9992-57cff20188e6,46a305b2-21ae-4931-8043-6bddf756b921,b529a7dc-1e0b-4b58-8d33-e321d4d366a9,bc0a948b-2aee-4df1-9e64-f1acae208793
52500400-9fca-4097-9b1f-d5f030e769b8,d33933d9-7bec-4304-9992-57cff20188e6,46a305b2-21ae-4931-8043-6bddf756b921,b529a7dc-1e0b-4b58-8d33-e321d4d366a9,67d16cf6-b575-4f71-9c7a-dbd6d2874e29
da37793e-5bbd-4afe-b90a-14948c2031a7,d33933d9-7bec-4304-9992-57cff20188e6,46a305b2-21ae-4931-8043-6bddf756b921,b529a7dc-1e0b-4b58-8d33-e321d4d366a9,f5c3c3a4-9f65-4ecf-8bc3-d5b701099d0b
d4c1e3cb-dc93-4aae-8f14-4d55628d82a2,d33933d9-7bec-4304-9992-57cff20188e6,46a305b2-21ae-4931-8043-6bddf756b921,4e707099-448c-4b59-b37d-f4384012004a,ca886f71-4630-4f86-9630-1af065c74c20
6f2de354-c0c0-4696-bfe0-3e54f0d85713,d33933d9-7bec-4304-9992-57cff20188e6,46a305b2-21ae-4931-8043-6bddf756b921,4e707099-448c-4b59-b37d-f4384012004a,23d119f5-cebc-4bd2-8a25-82770ff7ed9e
b336584d-17a8-45bf-bdd6-d2aa4cfe7cf0,d33933d9-7bec-4304-9992-57cff20188e6,46a305b2-21ae-4931-8043-6bddf756b921,4e707099-448c-4b59-b37d-f4384012004a,1dd0eb28-a80f-4932-a742-758540819249
fe578567-77dd-459d-886d-d713e0ed6975,d33933d9-7bec-4304-9992-57cff20188e6,46a305b2-21ae-4931-8043-6bddf756b921,4e707099-448c-4b59-b37d-f4384012004a,bc0a948b-2aee-4df1-9e64-f1acae208793
7ce80a88-1729-45ef-9431-a240e7d9f166,d33933d9-7bec-4304-9992-57cff20188e6,46a305b2-21ae-4931-8043-6bddf756b921,4e707099-448c-4b59-b37d-f4384012004a,67d16cf6-b575-4f71-9c7a-dbd6d2874e29
6a921313-31f9-45d3-a873-bd71f4fac785,d33933d9-7bec-4304-9992-57cff20188e6,46a305b2-21ae-4931-8043-6bddf756b921,4e707099-448c-4b59-b37d-f4384012004a,f5c3c3a4-9f65-4ecf-8bc3-d5b701099d0b
a80b971e-9d50-47ae-b608-92411b19686f,d33933d9-7bec-4304-9992-57cff20188e6,46a305b2-21ae-4931-8043-6bddf756b921,83c99100-c4cf-40ec-832b-b569889a071d,ca886f71-4630-4f86-9630-1af065c74c20
a34d33aa-45d9-4d77-84d9-6cf5003a40eb,d33933d9-7bec-4304-9992-57cff20188e6,46a305b2-21ae-4931-8043-6bddf756b921,83c99100-c4cf-40ec-832b-b569889a071d,23d119f5-cebc-4bd2-8a25-82770ff7ed9e
1c1e2c1e-0f46-4f0c-9cd4-c12132c72853,d33933d9-7bec-4304-9992-57cff20188e6,46a305b2-21ae-4931-8043-6bddf756b921,83c99100-c4cf-40ec-832b-b569889a071d,1dd0eb28-a80f-4932-a742-758540819249
2f83671f-02cc-4468-9acd-1dd35cd1d178,d33933d9-7bec-4304-9992-57cff20188e6,46a305b2-21ae-4931-8043-6bddf756b921,83c99100-c4cf-40ec-832b-b569889a071d,bc0a948b-2aee-4df1-9e64-f1acae208793
38997640-a457-478d-ad82-590361394e8f,d33933d9-7bec-4304-9992-57cff20188e6,46a305b2-21ae-4931-8043-6bddf756b921,83c99100-c4cf-40ec-832b-b569889a071d,67d16cf6-b575-4f71-9c7a-dbd6d2874e29
2b1d43eb-2b18-4b3c-a6b8-2093e178c6cf,d33933d9-7bec-4304-9992-57cff20188e6,46a305b2-21ae-4931-8043-6bddf756b921,83c99100-c4cf-40ec-832b-b569889a071d,f5c3c3a4-9f65-4ecf-8bc3-d5b701099d0b
43d63a5a-dcc6-44cf-ae8c-4bae89dcb264,d33933d9-7bec-4304-9992-57cff20188e6,46a305b2-21ae-4931-8043-6bddf756b921,e53522ef-7da9-407e-a308-0c8bc2ee32d3,ca886f71-4630-4f86-9630-1af065c74c20
3793f766-8eee-43f7-b4d2-440ed13b7207,d33933d9-7bec-4304-9992-57cff20188e6,46a305b2-21ae-4931-8043-6bddf756b921,e53522ef-7da9-407e-a308-0c8bc2ee32d3,23d119f5-cebc-4bd2-8a25-82770ff7ed9e
11fb9be8-ffec-4395-b138-213c9cea981e,d33933d9-7bec-4304-9992-57cff20188e6,46a305b2-21ae-4931-8043-6bddf756b921,e53522ef-7da9-407e-a308-0c8bc2ee32d3,1dd0eb28-a80f-4932-a742-758540819249
cf1b38e9-6323-4ef9-9c1d-b2ffa246bfbd,d33933d9-7bec-4304-9992-57cff20188e6,46a305b2-21ae-4931-8043-6bddf756b921,e53522ef-7da9-407e-a308-0c8bc2ee32d3,bc0a948b-2aee-4df1-9e64-f1acae208793
98c9b012-e87f-4d6b-a8a3-417326b13e03,d33933d9-7bec-4304-9992-57cff20188e6,46a305b2-21ae-4931-8043-6bddf756b921,e53522ef-7da9-407e-a308-0c8bc2ee32d3,67d16cf6-b575-4f71-9c7a-dbd6d2874e29
70aff0e2-f3cf-4536-a3ba-5637c916b719,d33933d9-7bec-4304-9992-57cff20188e6,46a305b2-21ae-4931-8043-6bddf756b921,e53522ef-7da9-407e-a308-0c8bc2ee32d3,f5c3c3a4-9f65-4ecf-8bc3-d5b701099d0b
e1c8931b-f8ff-41b4-91f5-6289635f34de,d33933d9-7bec-4304-9992-57cff20188e6,46a305b2-21ae-4931-8043-6bddf756b921,81836b07-357f-4ea0-972f-5c588682f8a8,ca886f71-4630-4f86-9630-1af065c74c20
3cc04fb3-9bc5-4e97-99ac-e14233642a1e,d33933d9-7bec-4304-9992-57cff20188e6,46a305b2-21ae-4931-8043-6bddf756b921,81836b07-357f-4ea0-972f-5c588682f8a8,23d119f5-cebc-4bd2-8a25-82770ff7ed9e
797811db-3cd6-4123-99c8-1c34934cd940,d33933d9-7bec-4304-9992-57cff20188e6,46a305b2-21ae-4931-8043-6bddf756b921,81836b07-357f-4ea0-972f-5c588682f8a8,1dd0eb28-a80f-4932-a742-758540819249
847e91ad-7ca1-47c8-b563-5d86c59c9216,d33933d9-7bec-4304-9992-57cff20188e6,46a305b2-21ae-4931-8043-6bddf756b921,81836b07-357f-4ea0-972f-5c588682f8a8,bc0a948b-2aee-4df1-9e64-f1acae208793
80cf323e-ce4a-4f5a-990f-f4771060eac6,d33933d9-7bec-4304-9992-57cff20188e6,46a305b2-21ae-4931-8043-6bddf756b921,81836b07-357f-4ea0-972f-5c588682f8a8,67d16cf6-b575-4f71-9c7a-dbd6d2874e29
93f2d89d-e5b8-4ea7-b9b7-b828e53318ef,d33933d9-7bec-4304-9992-57cff20188e6,46a305b2-21ae-4931-8043-6bddf756b921,81836b07-357f-4ea0-972f-5c588682f8a8,f5c3c3a4-9f65-4ecf-8bc3-d5b701099d0b
956baffa-4331-49cf-827d-9b9428a17205,d33933d9-7bec-4304-9992-57cff20188e6,46a305b2-21ae-4931-8043-6bddf756b921,bf3dcb33-189d-46e2-8423-7c59a9d4ca4b,ca886f71-4630-4f86-9630-1af065c74c20
0192af83-7b89-4b54-885d-3bc721ce7e3c,d33933d9-7bec-4304-9992-57cff20188e6,46a305b2-21ae-4931-8043-6bddf756b921,bf3dcb33-189d-46e2-8423-7c59a9d4ca4b,23d119f5-cebc-4bd2-8a25-82770ff7ed9e
2d53b664-5aac-42ac-b7e2-e1446e5c8c66,d33933d9-7bec-4304-9992-57cff20188e6,46a305b2-21ae-4931-8043-6bddf756b921,bf3dcb33-189d-46e2-8423-7c59a9d4ca4b,1dd0eb28-a80f-4932-a742-758540819249
cbe1fe1e-64d8-47ab-98a0-ba11bb6adde8,d33933d9-7bec-4304-9992-57cff20188e6,46a305b2-21ae-4931-8043-6bddf756b921,bf3dcb33-189d-46e2-8423-7c59a9d4ca4b,bc0a948b-2aee-4df1-9e64-f1acae208793
48c2e169-6a09-4b3f-9fb0-0eba4266856a,d33933d9-7bec-4304-9992-57cff20188e6,46a305b2-21ae-4931-8043-6bddf756b921,bf3dcb33-189d-46e2-8423-7c59a9d4ca4b,67d16cf6-b575-4f71-9c7a-dbd6d2874e29
4c9f8145-6d0b-4976-aaae-4497296ee1f6,d33933d9-7bec-4304-9992-57cff20188e6,46a305b2-21ae-4931-8043-6bddf756b921,bf3dcb33-189d-46e2-8423-7c59a9d4ca4b,f5c3c3a4-9f65-4ecf-8bc3-d5b701099d0b
c972dd33-19d0-4624-87f8-98d215b6c3cd,d33933d9-7bec-4304-9992-57cff20188e6,46a305b2-21ae-4931-8043-6bddf756b921,df62cfe1-305a-42ee-963e-53a22c715e9b,ca886f71-4630-4f86-9630-1af065c74c20
8dc23a0f-e9ae-4e30-9c4b-30a81410e8c4,d33933d9-7bec-4304-9992-57cff20188e6,46a305b2-21ae-4931-8043-6bddf756b921,df62cfe1-305a-42ee-963e-53a22c715e9b,23d119f5-cebc-4bd2-8a25-82770ff7ed9e
31b0d27e-4fcb-4202-98d4-1bb46444f5b2,d33933d9-7bec-4304-9992-57cff20188e6,46a305b2-21ae-4931-8043-6bddf756b921,df62cfe1-305a-42ee-963e-53a22c715e9b,1dd0eb28-a80f-4932-a742-758540819249
7de7b007-895a-4a77-ae01-ea71ef2f57df,d33933d9-7bec-4304-9992-57cff20188e6,46a305b2-21ae-4931-8043-6bddf756b921,df62cfe1-305a-42ee-963e-53a22c715e9b,bc0a948b-2aee-4df1-9e64-f1acae208793
b613b7b3-8a9b-4125-93cc-1ee5429bfedd,d33933d9-7bec-4304-9992-57cff20188e6,46a305b2-21ae-4931-8043-6bddf756b921,df62cfe1-305a-42ee-963e-53a22c715e9b,67d16cf6-b575-4f71-9c7a-dbd6d2874e29
2e088f7c-9065-4352-831a-1f684b4f6737,d33933d9-7bec-4304-9992-57cff20188e6,46a305b2-21ae-4931-8043-6bddf756b921,df62cfe1-305a-42ee-963e-53a22c715e9b,f5c3c3a4-9f65-4ecf-8bc3-d5b701099d0b
8f75e119-88b5-416b-af43-2a154e5b1afb,d33933d9-7bec-4304-9992-57cff20188e6,46a305b2-21ae-4931-8043-6bddf756b921,87e37798-3a15-4ba6-93f3-76c9fc5cc816,ca886f71-4630-4f86-9630-1af065c74c20
9ba3ca34-6d78-40e9-a49c-7cc3826a0152,d33933d9-7bec-4304-9992-57cff20188e6,46a305b2-21ae-4931-8043-6bddf756b921,87e37798-3a15-4ba6-93f3-76c9fc5cc816,23d119f5-cebc-4bd2-8a25-82770ff7ed9e
52d4e55e-264b-490c-a217-5e8f9829a5eb,d33933d9-7bec-4304-9992-57cff20188e6,46a305b2-21ae-4931-8043-6bddf756b921,87e37798-3a15-4ba6-93f3-76c9fc5cc816,1dd0eb28-a80f-4932-a742-758540819249
4f8c3679-36f3-443c-a64f-da3fb6443100,d33933d9-7bec-4304-9992-57cff20188e6,46a305b2-21ae-4931-8043-6bddf756b921,87e37798-3a15-4ba6-93f3-76c9fc5cc816,bc0a948b-2aee-4df1-9e64-f1acae208793
0a6976f0-d52a-4e4d-a5ab-2f238ab18519,d33933d9-7bec-4304-9992-57cff20188e6,46a305b2-21ae-4931-8043-6bddf756b921,87e37798-3a15-4ba6-93f3-76c9fc5cc816,67d16cf6-b575-4f71-9c7a-dbd6d2874e29
5cff6eb1-a4ce-4eda-847d-66448c70672b,d33933d9-7bec-4304-9992-57cff20188e6,46a305b2-21ae-4931-8043-6bddf756b921,87e37798-3a15-4ba6-93f3-76c9fc5cc816,f5c3c3a4-9f65-4ecf-8bc3-d5b701099d0b
19681a3c-e24a-4998-ab47-17a648994b9a,d33933d9-7bec-4304-9992-57cff20188e6,46a305b2-21ae-4931-8043-6bddf756b921,fff04755-55e2-4ee4-b9e5-386dcdc71522,ca886f71-4630-4f86-9630-1af065c74c20
9a11dbe0-9aab-4ce7-805a-12ccb6c08c3c,d33933d9-7bec-4304-9992-57cff20188e6,46a305b2-21ae-4931-8043-6bddf756b921,fff04755-55e2-4ee4-b9e5-386dcdc71522,23d119f5-cebc-4bd2-8a25-82770ff7ed9e
992ee3d3-68d7-4acd-9e22-c2f6b9b25536,d33933d9-7bec-4304-9992-57cff20188e6,46a305b2-21ae-4931-8043-6bddf756b921,fff04755-55e2-4ee4-b9e5-386dcdc71522,1dd0eb28-a80f-4932-a742-758540819249
1de3b10c-25c4-4da7-89b6-51f495570b0b,d33933d9-7bec-4304-9992-57cff20188e6,46a305b2-21ae-4931-8043-6bddf756b921,fff04755-55e2-4ee4-b9e5-386dcdc71522,bc0a948b-2aee-4df1-9e64-f1acae208793
a45aed21-5cf2-45b7-baa6-28f2a33c6437,d33933d9-7bec-4304-9992-57cff20188e6,46a305b2-21ae-4931-8043-6bddf756b921,fff04755-55e2-4ee4-b9e5-386dcdc71522,67d16cf6-b575-4f71-9c7a-dbd6d2874e29
eedca424-66f3-4893-9380-e0607641c8b0,d33933d9-7bec-4304-9992-57cff20188e6,46a305b2-21ae-4931-8043-6bddf756b921,fff04755-55e2-4ee4-b9e5-386dcdc71522,f5c3c3a4-9f65-4ecf-8bc3-d5b701099d0b
3165711a-22f9-41f3-ab00-b5f063b44caf,d33933d9-7bec-4304-9992-57cff20188e6,46a305b2-21ae-4931-8043-6bddf756b921,87eee04e-bffc-48d8-bc02-5f76b2451135,ca886f71-4630-4f86-9630-1af065c74c20
06f490ac-8b3f-43b8-bcf5-a03129b8089f,d33933d9-7bec-4304-9992-57cff20188e6,46a305b2-21ae-4931-8043-6bddf756b921,87eee04e-bffc-48d8-bc02-5f76b2451135,23d119f5-cebc-4bd2-8a25-82770ff7ed9e
546cddac-1e34-445d-b0e1-b3bef42905b8,d33933d9-7bec-4304-9992-57cff20188e6,46a305b2-21ae-4931-8043-6bddf756b921,87eee04e-bffc-48d8-bc02-5f76b2451135,1dd0eb28-a80f-4932-a742-758540819249
a1d51909-335c-4407-b5b6-6e329629ece8,d33933d9-7bec-4304-9992-57cff20188e6,46a305b2-21ae-4931-8043-6bddf756b921,87eee04e-bffc-48d8-bc02-5f76b2451135,bc0a948b-2aee-4df1-9e64-f1acae208793
78a8f048-b9db-4181-9f73-dae0f9fc3db1,d33933d9-7bec-4304-9992-57cff20188e6,46a305b2-21ae-4931-8043-6bddf756b921,87eee04e-bffc-48d8-bc02-5f76b2451135,67d16cf6-b575-4f71-9c7a-dbd6d2874e29
def056e2-f54a-4013-a09b-180e1b03fbc0,d33933d9-7bec-4304-9992-57cff20188e6,46a305b2-21ae-4931-8043-6bddf756b921,87eee04e-bffc-48d8-bc02-5f76b2451135,f5c3c3a4-9f65-4ecf-8bc3-d5b701099d0b
21eb5997-6436-48d8-b720-d285ed568dae,d33933d9-7bec-4304-9992-57cff20188e6,46a305b2-21ae-4931-8043-6bddf756b921,52329e93-4508-42c4-8ce1-2acca32d1731,ca886f71-4630-4f86-9630-1af065c74c20
f0d4765a-858f-4861-98fe-3bb30f6a6d77,d33933d9-7bec-4304-9992-57cff20188e6,46a305b2-21ae-4931-8043-6bddf756b921,52329e93-4508-42c4-8ce1-2acca32d1731,23d119f5-cebc-4bd2-8a25-82770ff7ed9e
5bac2aa9-c69e-47be-9ad1-03703836ed11,d33933d9-7bec-4304-9992-57cff20188e6,46a305b2-21ae-4931-8043-6bddf756b921,52329e93-4508-42c4-8ce1-2acca32d1731,1dd0eb28-a80f-4932-a742-758540819249
55809145-2521-4f06-a037-036052a5b4f3,d33933d9-7bec-4304-9992-57cff20188e6,46a305b2-21ae-4931-8043-6bddf756b921,52329e93-4508-42c4-8ce1-2acca32d1731,bc0a948b-2aee-4df1-9e64-f1acae208793
8630dbbc-93fe-42ae-90de-bfd167777896,d33933d9-7bec-4304-9992-57cff20188e6,46a305b2-21ae-4931-8043-6bddf756b921,52329e93-4508-42c4-8ce1-2acca32d1731,67d16cf6-b575-4f71-9c7a-dbd6d2874e29
6d571209-f080-4324-9672-89a9f844911b,d33933d9-7bec-4304-9992-57cff20188e6,46a305b2-21ae-4931-8043-6bddf756b921,52329e93-4508-42c4-8ce1-2acca32d1731,f5c3c3a4-9f65-4ecf-8bc3-d5b701099d0b
fe19aefd-60bc-497d-a301-f7592ab847d2,d33933d9-7bec-4304-9992-57cff20188e6,46a305b2-21ae-4931-8043-6bddf756b921,da347f1e-b37c-44b4-b262-45ac67e7cbe6,ca886f71-4630-4f86-9630-1af065c74c20
5d6b18b1-e1f9-48ae-92d7-4b726ec576ce,d33933d9-7bec-4304-9992-57cff20188e6,46a305b2-21ae-4931-8043-6bddf756b921,da347f1e-b37c-44b4-b262-45ac67e7cbe6,23d119f5-cebc-4bd2-8a25-82770ff7ed9e
543b341d-3421-4ec1-88d2-6b88fdb3201c,d33933d9-7bec-4304-9992-57cff20188e6,46a305b2-21ae-4931-8043-6bddf756b921,da347f1e-b37c-44b4-b262-45ac67e7cbe6,1dd0eb28-a80f-4932-a742-758540819249
283b2c0b-c093-4b8d-a95f-e5bb3fddeb90,d33933d9-7bec-4304-9992-57cff20188e6,46a305b2-21ae-4931-8043-6bddf756b921,da347f1e-b37c-44b4-b262-45ac67e7cbe6,bc0a948b-2aee-4df1-9e64-f1acae208793
5936a7e1-8a6a-4b2c-b553-e64e91fce302,d33933d9-7bec-4304-9992-57cff20188e6,46a305b2-21ae-4931-8043-6bddf756b921,da347f1e-b37c-44b4-b262-45ac67e7cbe6,67d16cf6-b575-4f71-9c7a-dbd6d2874e29
aa0f4014-0df9-46ce-946c-27670e9a64a5,d33933d9-7bec-4304-9992-57cff20188e6,46a305b2-21ae-4931-8043-6bddf756b921,da347f1e-b37c-44b4-b262-45ac67e7cbe6,f5c3c3a4-9f65-4ecf-8bc3-d5b701099d0b
07487bef-7b50-43a8-9e54-a0895748dc26,d33933d9-7bec-4304-9992-57cff20188e6,46a305b2-21ae-4931-8043-6bddf756b921,8571d3dc-8f4b-44ee-8222-475aadec5d2e,ca886f71-4630-4f86-9630-1af065c74c20
bb5a1722-aa9f-47da-ae6f-92f708985f7d,d33933d9-7bec-4304-9992-57cff20188e6,46a305b2-21ae-4931-8043-6bddf756b921,8571d3dc-8f4b-44ee-8222-475aadec5d2e,23d119f5-cebc-4bd2-8a25-82770ff7ed9e
66273736-2e30-4abc-b283-8277cc6cedb2,d33933d9-7bec-4304-9992-57cff20188e6,46a305b2-21ae-4931-8043-6bddf756b921,8571d3dc-8f4b-44ee-8222-475aadec5d2e,1dd0eb28-a80f-4932-a742-758540819249
ae3b2b75-d3d9-474f-ba8b-7991d4c5661f,d33933d9-7bec-4304-9992-57cff20188e6,46a305b2-21ae-4931-8043-6bddf756b921,8571d3dc-8f4b-44ee-8222-475aadec5d2e,bc0a948b-2aee-4df1-9e64-f1acae208793
b6060903-9881-4aae-b511-b40b78c910d9,d33933d9-7bec-4304-9992-57cff20188e6,46a305b2-21ae-4931-8043-6bddf756b921,8571d3dc-8f4b-44ee-8222-475aadec5d2e,67d16cf6-b575-4f71-9c7a-dbd6d2874e29
bea3128e-79ca-4716-850d-558f3a400f07,d33933d9-7bec-4304-9992-57cff20188e6,46a305b2-21ae-4931-8043-6bddf756b921,8571d3dc-8f4b-44ee-8222-475aadec5d2e,f5c3c3a4-9f65-4ecf-8bc3-d5b701099d0b
