ID,INSPECTION_POINT_ID,CHECKLIST_ID
7bfd09e9-512a-4546-86b2-6e00749db2de,3cd16550-fc52-4c03-883c-e09472ba7bc2,4dca65ba-283d-49be-9ef8-a9c2e257cfcb
cf603a45-e091-4366-92aa-3fc0712bfad0,3cd16550-fc52-4c03-883c-e09472ba7bc2,ec86099c-67eb-49cd-8879-99c68d41a0d7
4fc0b60f-5835-4932-8a63-288a787ee016,bb6cae43-7436-463e-a67a-43598f1447ba,2812cba4-bcce-4441-b150-88ccb3bacedc
544127f5-e6d7-41e4-82ab-e860e6d62e61,bb6cae43-7436-463e-a67a-43598f1447ba,cebad82b-816c-4f66-9fe1-fd1800af7d69
835b4872-7412-4043-b596-16d890e67a8b,5f1e6404-734d-428a-9db7-212335777dd4,2812cba4-bcce-4441-b150-88ccb3bacedc
254b451a-8305-4c6c-89c2-e721397d7413,5f1e6404-734d-428a-9db7-212335777dd4,cebad82b-816c-4f66-9fe1-fd1800af7d69
c86b7e06-4031-466a-ae90-47537b738a87,b64dbfe6-15b6-423b-8eec-1c981da396be,33261db7-0255-494b-a0ab-fdeda3c0333e
40cdbe82-1248-4b2f-aa38-ff8a15dfb64e,5abe2e69-3deb-4240-b094-700dd96fa3d1,4dca65ba-283d-49be-9ef8-a9c2e257cfcb
29528f23-969b-45bc-809e-e077aa3d8866,e82b0c78-454d-4b0b-9683-50253426e5ea,2812cba4-bcce-4441-b150-88ccb3bacedc
7b6f9b3a-cd04-43f3-ae0c-ef25d8005931,ba2a9a17-31c5-45a3-9f7d-83bbee62b33e,2812cba4-bcce-4441-b150-88ccb3bacedc
2dfb46fe-301b-4cc9-b0b5-ebc75ff3103f,126905b6-c4a3-46ea-b966-88c9e0386fdf,33261db7-0255-494b-a0ab-fdeda3c0333e
91cfff57-d06b-4a5f-9dfb-b2de9642a1de,2b6c363c-35c7-4926-ad6d-3b11de5e54b8,4dca65ba-283d-49be-9ef8-a9c2e257cfcb
907f56e0-a9e8-49ae-99bd-da2424679252,c40039b7-0482-48da-bd4b-a36c98cbd604,2812cba4-bcce-4441-b150-88ccb3bacedc
b95e85a9-fc7a-4c16-80bf-814f8a91dd77,1d77de37-a69f-41ae-989a-2c944b61e89c,2812cba4-bcce-4441-b150-88ccb3bacedc
61a047ac-5542-4c8a-8729-a7549da334a9,24961e34-1f7e-4867-8626-bf42b9bae748,33261db7-0255-494b-a0ab-fdeda3c0333e
c23f10b2-97b4-4428-9a0c-05694b9cbb2d,3981dcc7-fc7d-4fd1-a1eb-5c222383eaaa,4dca65ba-283d-49be-9ef8-a9c2e257cfcb
b5f7b962-8eef-46da-8e93-874ad8c2c7d4,5984f75a-0652-4db7-b6fd-bf77dc7a3839,2812cba4-bcce-4441-b150-88ccb3bacedc
e7d889c7-86b0-4708-8aa7-ffb8cf61b1b5,e07224fb-f42f-41b5-837d-a5092724038d,2812cba4-bcce-4441-b150-88ccb3bacedc
fe98fec5-5cee-4d33-9501-6a0da25a0ebf,64751090-5c0c-4020-87b7-c4ed45cfcd3e,33261db7-0255-494b-a0ab-fdeda3c0333e
1d27982e-d206-47fd-8c72-928a75eaf1fd,7737c966-22e1-4392-a7fc-78be9345c134,4dca65ba-283d-49be-9ef8-a9c2e257cfcb
4df800f7-8f53-4066-a48f-d4453e64f134,3f111d10-a8b4-4771-9c5b-864dcbc7bbca,2812cba4-bcce-4441-b150-88ccb3bacedc
620ad011-a6d0-42e3-bf1c-12395d95d9cc,883da288-a122-48d2-a1b8-26031a870c79,ecc6bbce-a8cb-4e80-9beb-6c72024ff3c2
2ba49fed-143f-4003-a9c4-0e8f8cb85337,df14bb89-7df2-4ec1-b731-b03309b5daac,33261db7-0255-494b-a0ab-fdeda3c0333e
55dd83e7-1066-4237-815c-dfebb6eecb4d,48068045-f5f4-4ba5-b76c-81a2e4e9cc48,1b556934-3f2d-435f-8e8d-51482b16286e
51093174-4589-4cc1-a527-23644b262915,e4dd32c2-341e-4664-ba0c-93fe42d071d1,6922f50e-ffc4-41b0-884d-0f898de366be
d307c0af-62bc-42c7-b295-611bb18b085b,a518c613-a15e-42fa-9629-89435e738628,1184710d-29b7-4930-a4f9-60c4fd56d4bc
19ba76f1-3175-474b-ada8-f2999e8c3e63,829779b0-a4c8-4717-997d-cfa8cae3417b,07a0f8c5-0add-4ab8-9afa-e78ba536cfeb
a0794550-a732-425e-8e09-5c6da8453eda,0034d6ac-4b87-4338-b0b0-97dcb714fd32,aeb46d4f-48e8-48a1-a47a-a6473bb86616
a44621fe-d230-4335-932a-faea0e4faffc,791fb800-4b6a-433b-abaa-b62439d4e7a2,83982cb5-067e-422e-bedd-d0eb2bd543cb
8f5f3c4c-dc9c-491a-9bce-e91b40e8fd63,87746f63-245b-4cf8-be7d-7f0a1f411cac,ecc6bbce-a8cb-4e80-9beb-6c72024ff3c2
c2ce4068-4303-48ec-82a6-d56ece52b2ee,dbe93ee7-b110-422b-85c4-b05990d98f3f,33261db7-0255-494b-a0ab-fdeda3c0333e
1c3b61f2-adfc-4a90-95ee-94512ab301ca,490cd90f-4611-4e50-a7fb-5464ab6ae337,ecc6bbce-a8cb-4e80-9beb-6c72024ff3c2
ec4b3be2-f893-48a4-8cca-9d330423d9c9,0b4968d9-ac47-47b0-99b9-7e91028f7ac8,33261db7-0255-494b-a0ab-fdeda3c0333e
7048adbe-b643-40ad-a7cd-09f3be94b104,19cdc7ca-46b5-4761-85b8-ce09e7eca2bc,1184710d-29b7-4930-a4f9-60c4fd56d4bc
439298d8-2fff-4879-8146-a43242aa1a28,34596512-be40-4596-87cb-274eacf0c12c,ecc6bbce-a8cb-4e80-9beb-6c72024ff3c2
ee2755ce-40dd-42fd-b4e2-98d16f9e2300,5aa8ef71-7153-48ca-8467-c187ea0a5ab8,33261db7-0255-494b-a0ab-fdeda3c0333e
ef156e3a-7dbb-479e-bbd8-195ecde6cf17,db494897-3207-4f23-88df-56b15c92481b,1184710d-29b7-4930-a4f9-60c4fd56d4bc
37a757cf-fec3-465a-86c4-e389c072f7b0,8f91e13c-b3bd-45c8-a8f8-a56bbd4f82dd,83982cb5-067e-422e-bedd-d0eb2bd543cb
14745fd9-6e59-44c6-a4c0-3c033ca9fa94,f9ee2d8f-c639-4a02-b005-94f6ff4242b8,ecc6bbce-a8cb-4e80-9beb-6c72024ff3c2
a1600d26-f2d7-4646-8033-131d308d0417,64d20586-10a2-402c-949a-b1bd104f1909,33261db7-0255-494b-a0ab-fdeda3c0333e
07b6fe44-d90f-4f36-87d3-4557a015007d,c9f74e46-0722-406b-ad3b-ba3732a78a44,1184710d-29b7-4930-a4f9-60c4fd56d4bc
8e0fd6a2-e38c-495a-8050-37d5505c8781,2f69db24-215b-48fe-a042-6dd1acfa2817,83982cb5-067e-422e-bedd-d0eb2bd543cb
1c82a492-b4cc-4e82-83eb-56f3501e228c,a86247eb-7c90-41ed-96d1-03c5950be636,ecc6bbce-a8cb-4e80-9beb-6c72024ff3c2
c0e3c656-cfc4-431f-84d3-256ad7bd0ba9,190d1aeb-37c6-422e-959d-111cdf99f713,33261db7-0255-494b-a0ab-fdeda3c0333e
c1ad681b-539c-4336-a5cc-cbda847be507,e3dd0534-e7f8-4199-8a02-71687ffd6579,1184710d-29b7-4930-a4f9-60c4fd56d4bc
6515cefb-a52b-45c0-9080-25eb3fcced6c,243a608a-225e-4637-985f-58b0a74fd454,07a0f8c5-0add-4ab8-9afa-e78ba536cfeb
4cdfb55b-1b30-4f23-b943-c48aee7b8801,259d8c5f-0ba5-4252-b6fb-81894e12d827,83982cb5-067e-422e-bedd-d0eb2bd543cb
8e01a9c2-952d-4334-8a1f-986f27a5a002,10b1a0b4-88be-4f6e-99f9-ccedd8afb80b,ecc6bbce-a8cb-4e80-9beb-6c72024ff3c2
b5dca9f1-6269-44f3-8088-0a3a88050ce7,9f7a67eb-7dd8-4724-982f-b339e7e72a7d,33261db7-0255-494b-a0ab-fdeda3c0333e
ac701043-f84b-42e7-9c5a-9b40894191d2,45eab59c-3f99-4518-8ded-0ca957b0566c,ecc6bbce-a8cb-4e80-9beb-6c72024ff3c2
c5019023-876e-4107-a26f-a5007bd31a32,d185d578-94c6-4b50-be18-92d5789cb5a2,33261db7-0255-494b-a0ab-fdeda3c0333e
94f0e834-fc84-46c4-99b1-8912c1ba7df0,fa7c344c-c158-4a9e-8e99-73c92544b74b,ecc6bbce-a8cb-4e80-9beb-6c72024ff3c2
1fca8dbb-bce3-47d0-bac0-fadb70814438,ce7af608-191f-41cd-a000-93f4c6ee139e,33261db7-0255-494b-a0ab-fdeda3c0333e
2e52e806-bbf0-4cb0-9613-11c40941e858,c78f2d85-1022-45dc-b525-f37c9b25fb34,33261db7-0255-494b-a0ab-fdeda3c0333e
b5caf335-fabd-4056-ab6b-27bf2e6b6f45,c9ebc490-5c04-4d13-9452-de45ccd8d2b3,1184710d-29b7-4930-a4f9-60c4fd56d4bc
0902728d-b3dd-4f0a-ba17-a1848d9ecdb8,63d6d4d7-8178-4ca1-96ed-cb5ed0e960fd,83982cb5-067e-422e-bedd-d0eb2bd543cb
e5881c6a-9d00-4fd4-a9e9-060066719db1,7ec04b7b-6fe4-45fb-a457-dc84ea51b135,ecc6bbce-a8cb-4e80-9beb-6c72024ff3c2
5ad11f17-0b8e-4330-9dca-11218cc91b2a,45d9774b-2339-452b-a97d-55663add6fb0,33261db7-0255-494b-a0ab-fdeda3c0333e
f2e0cdcc-321c-4082-9a03-a48299e8d54c,392f9b3c-e012-41c9-9840-21775cf26213,ecc6bbce-a8cb-4e80-9beb-6c72024ff3c2
9942964d-98c5-448d-8861-3df2c2a05946,4215ba40-e207-46c2-bb30-a6e0bce98c79,33261db7-0255-494b-a0ab-fdeda3c0333e
ae72c7ea-ece5-4ce8-ab0f-bcc5216d404d,787e5546-9a2c-4c01-8649-775fffcd348c,fe0e7320-0d2f-40d5-8366-63b731d305d0
92efc6aa-5f33-4265-afa5-e48ee3dcc14a,787e5546-9a2c-4c01-8649-775fffcd348c,d16c4f7b-51b6-48e5-89bc-7ec3f0b64d48
6e3c054e-8aa7-4690-bb98-8fd6a61583fd,db099d5f-a49a-4164-992f-3d3784b9c901,f4b9b300-e820-441a-967d-ada96af47bd1
462513d6-9044-4805-ac6c-3fafb3b48bf7,db099d5f-a49a-4164-992f-3d3784b9c901,ab60fd38-5609-4314-96a0-66897e61a377
206a2190-bb11-4d60-a100-9f0ed5e6afc9,cd12d169-ee27-4ef5-a765-16d4a4dae1e0,548a3ef4-30d2-47b4-beae-17b6185a11f1
abe7d207-5e47-4626-ac50-81519da7dd40,cd12d169-ee27-4ef5-a765-16d4a4dae1e0,21c1cd87-30d7-4324-b87c-3ed0bfd02d47
5e4ac73f-f9e2-492d-8fd8-b7930877fa2e,cd12d169-ee27-4ef5-a765-16d4a4dae1e0,343f0961-ef5d-4910-b16e-0f1e62568ac4
137168f0-d19f-49f7-b016-49e67ed5d391,c0a2cbf3-d09e-400d-b213-31c6c5b952e5,13bc6e39-8d9a-43a0-8df5-bdb6f4697faa
919e76d3-e462-4987-bf36-fe8e59e817c9,1453170f-1484-4cec-81ed-4ddc7435501e,580fc3aa-2438-46ed-8e17-a334ddf1709f
96771072-8ff4-4d7f-8256-c633505c6ddd,c4948481-8aaa-45f9-b35e-74c809db9d2e,07a0f8c5-0add-4ab8-9afa-e78ba536cfeb
b769ef0d-7d70-4235-b927-f8d07914641f,76fb38bf-8b98-4b09-8417-b6ced9a20248,46a45844-acb9-4d5d-b31f-4973ff4808b1
5dcfbaf9-0d05-46a6-abd0-5e7acc69884c,336cc294-bfc3-4bbc-b88c-f142727f0d2f,47a0f5ff-9978-4abf-98a3-d1c99f095e15
8e0224a3-ee52-493a-b466-a6478b370d26,c69c84a8-1aff-46b3-8870-99fd7f5d97c9,a658477a-782f-4078-988a-3af38cf951be
b611f4f1-3f9f-4919-a940-003cb9935993,bb6682dc-0d65-410e-8aa8-9bdc72728b22,c473d177-ebaa-4307-b5a8-0fdfdc0e4525
63704504-ec57-442d-b8fd-31ef5990236a,68db6732-9255-4563-ba0c-7274133774f6,4742d355-0541-4309-9d05-e07823a83821
aa923295-09f9-4272-a7ab-19d217202e27,dfe9cdd0-8637-46c0-a0f5-37ddecd1e683,73216aa0-2eab-4bf0-ac79-e69854cfb3c1
9ceece2f-0570-4a2c-8a71-79f19b2b0538,f15dc0ea-bb30-4301-a00d-becb58dfa9dc,1398c6c8-5d2c-4913-b229-37496ac6d3ba
78e10b30-dce0-41dd-98e7-2e3e066be9ab,9ac2c97b-7d95-4fcd-acfd-8356faa2fe21,4027b03d-2fdb-4a2d-b5d8-44284b9ccd85
735d4c41-1f87-4d3c-9e87-df2fb2cb1ab7,2fa4d11b-3953-45cc-bf7a-e6951009efb9,7444a79d-ea52-4fc7-81b3-2c5574e94a5c
28134649-05b8-4fee-acde-33dbccceb47c,99c2556d-a6b1-4f36-b132-03f47d01d070,043f0e1a-2cac-47bd-9273-b2bddb48975d
3bd2b807-4225-4879-9ba6-29b720520cd0,e2df17dd-8d0b-4c9d-a5cc-0fee50352680,2cecf7a5-0363-4436-a637-d8ae2619bd8f
1576b32a-9430-4b6f-90fa-6fb78e6ebdd5,acc217e0-5810-4b9f-a4fd-91d7f7e8e70a,addf1012-2f04-490d-8130-c513bf5773b2
dc1adbb5-9324-4dd7-9859-deb8ee32a707,ac4e41aa-07c8-44ba-b88f-6080acaa05c4,c975927e-b36c-47cd-9810-fe0c26706d81
b90d8957-ad80-449d-baef-e74d2546d704,da8090f2-0b7f-4fdc-8ab6-60fc04512188,17d6b538-ab06-4bc4-9849-fcfed77d61ee
37475ee4-d1a1-45d5-b6a5-ca85c836ec71,cff1d54e-bbd4-4949-94f0-d5ff135c4133,e330d1e9-3e7c-4712-8c2e-2d5cc7b94c4b
c564c2e8-ee73-453f-999e-06c7d55334e9,5abf02d6-8a6e-4a71-ad20-00cd194288b4,25489e21-44a3-4d6a-8a13-907282e52d60
47b8b6a0-c6d5-4068-ab9b-3d694b2d8ad0,b37e3e5e-3222-40ea-993f-4cd475053228,addf1012-2f04-490d-8130-c513bf5773b2
80eb2894-9017-4147-a8f4-31903ff8baba,0265eeee-3838-430f-9e2e-fce17c6c70e2,7444a79d-ea52-4fc7-81b3-2c5574e94a5c
